,_record_id,_title,_server_updated_at,_updated_by,_geometry,282_payment_method_that_purchase,283_fulfill_needs,237_distance_household_interviewee,299_means_transportation_consumer,301_electricity_bill,305_electricity_bill_store,302_water_bill,306_water_bill_store,303_gas_bill,307_gas_bill_store,286_topups,308_topups_in_store,287_wire_transfers,309_wiretransfers_in_store,320_other_services_in_store,240_gender_interviewee,indicate_the_type_of_store,name_of_the_store,storefront_picture_just_once_if_possible,_latitude,_longitude,238_frequency_buying_store,81_number_online_purchases_month,288_number_app_purchases_month,289_number_whatsapp_purchases_month,83_willingness_ultrafast_delivery,84_willingness_sameday_delivery,241_age_of_the_interviewee
0,060a856c-e3b8-41a7-b680-9756172d1c29,"November 12, 2022",2022-11-12 22:43:08 UTC,Ulises Núñez Bautista,SRID=4326;POINT(-98.2349802856 19.0598413203),Efectivo,no,0 a 3 cuadras,A pie,Tienda de conveniencia (e.g. OXXO),no,Sistema de agua,no,Proveedor de gas,no,No lo hago,no,Banco,no,no,Male,Cafeteria,Paleteria El Carmen,Foto no proporcionada,19.0598413203,-98.2349802856,1.0,1.0,0.0,0.0,0.0,0.0,35.0
1,c42fdf22-b93b-443e-8f46-6043613cb0c3,"November 12, 2022",2022-11-12 22:15:02 UTC,Salomon Abdala Perez,SRID=4326;POINT(-98.2335660729 19.05847939),Efectivo,yes,7 a 10 cuadras,A pie,Tienda de conveniencia (e.g. OXXO),no,Sistema de agua,no,Proveedor de gas,no,Tienda de conveniencia (e.g. OXXO),no,Banco,no,no,Female,Grocery store (aka. nanostore),Gerardo Saénz,Foto no proporcionada,19.05847939,-98.2335660729,1.0,1.0,2.0,0.0,35.0,50.0,27.0
2,3ccaedc0-949e-4555-afad-b2e1d77c3219,"November 12, 2022",2022-11-12 22:15:02 UTC,Salomon Abdala Perez,SRID=4326;POINT(-98.2303385023 19.0620767997),Efectivo,yes,más de 10 cuadras,Automóvil,CFE,yes,Tienda de conveniencia (e.g. OXXO),yes,Proveedor de gas,yes,"Supermercado,Tienda de conveniencia (e.g. OXXO)",yes,Banco,no,no,Female,Micro-restaurant (aka. fondita),Rozt,1 Photo,19.0620767997,-98.2303385023,1.0,0.0,0.0,0.0,40.0,25.0,42.0
3,91d8a240-af2c-451b-900f-3480f82e05db,"November 12, 2022",2022-11-12 20:41:38 UTC,Jorge Alberto Ostorga Flores,SRID=4326;POINT(-98.2329163449 19.0555346049),Tarjeta de débito y/o crédito,yes,4 a 6 cuadras,Motocicleta,Supermercado,no,Supermercado,no,Proveedor de gas,no,No lo hago,no,Banco,no,no,Female,Cafeteria,Café Colibrí,1 Photo,19.0555346049,-98.2329163449,1.0,2.0,3.0,0.0,0.0,0.0,27.0
4,3efefc56-bd45-4e4a-bf02-ab725e9fb41a,"November 12, 2022",2022-11-12 19:49:13 UTC,Jorge Alberto Ostorga Flores,SRID=4326;POINT(-98.2329944224 19.0590117522),Efectivo,yes,más de 10 cuadras,Transporte público,CFE,no,Supermercado,no,Proveedor de gas,no,Supermercado,no,No lo hago,no,no,Female,Cafeteria,La fête,1 Photo,19.0590117522,-98.2329944224,1.0,2.0,5.0,0.0,0.0,50.0,35.0
5,4b3d6f54-daee-4ffb-b0dc-dca0f9c1f943,"November 11, 2022",2022-11-12 00:08:22 UTC,Sergio Licea,SRID=4326;POINT(-98.1972511858 19.0486443867),Efectivo,yes,más de 10 cuadras,Transporte público,CFE,yes,Banco,yes,Banco,yes,Tienda de conveniencia (e.g. OXXO),yes,No lo hago,no,no,Female,Grocery store (aka. nanostore),Dulcerías Candy,1 Photo,19.0486443867,-98.1972511858,1.0,0.0,0.0,0.0,120.0,70.0,66.0
6,44a828cf-2085-4889-bc34-0ade8ae6ed91,"November 11, 2022",2022-11-11 23:38:10 UTC,Sergio Licea,SRID=4326;POINT(-98.1953940913 19.0476993375),Efectivo,yes,más de 10 cuadras,Automóvil,Tienda de conveniencia (e.g. OXXO),no,Sistema de agua,no,Tienda de conveniencia (e.g. OXXO),no,"Supermercado,Tienda de conveniencia (e.g. OXXO)",yes,Tienda de conveniencia (e.g. OXXO),no,no,Female,Artículos del hogar,SUPER & ALMACENES AW,1 Photo,19.0476993375,-98.1953940913,1.0,1.0,7.0,2.0,200.0,100.0,30.0
7,3231569e-f89a-4904-88e5-a6939c8a2860,"November 4, 2022",2022-11-11 23:12:50 UTC,Hiram Jiménez,SRID=4326;POINT(-98.3104972 19.0644612),Efectivo,yes,más de 10 cuadras,Transporte público,Tienda de conveniencia (e.g. OXXO),yes,"No lo hago,Sistema de agua",yes,Proveedor de gas,yes,Tienda de conveniencia (e.g. OXXO),yes,No lo hago,yes,no,Female,Butcher shop,Carniceria la sorpresa ,1 Photo,19.0644612,-98.3104972,1.0,1.0,0.0,0.0,80.0,80.0,38.0
8,3a5b7111-ffaa-48b3-9ec4-125a94580b66,"November 9, 2022",2022-11-11 22:08:26 UTC,José Varela,SRID=4326;POINT(-98.3113835 19.060884),Efectivo,yes,7 a 10 cuadras,A pie,CFE,yes,Sistema de agua,yes,Proveedor de gas,yes,"Fonda,Tiendita",yes,Banco,yes,yes,Male,Grocery store (aka. nanostore),Tienda Jaime,1 Photo,19.060884,-98.3113835,3.0,0.0,0.0,0.0,100.0,100.0,18.0
9,70f001bf-b020-413f-967f-c7d558c9f6be,"November 10, 2022",2022-11-11 17:23:45 UTC,Manuel Flores,SRID=4326;POINT(-98.2154550929 19.0183906637),Efectivo,yes,0 a 3 cuadras,A pie,Tienda de conveniencia (e.g. OXXO),yes,No lo hago,yes,Tienda de conveniencia (e.g. OXXO),yes,"Tienda de conveniencia (e.g. OXXO),Tiendita",yes,Tienda de conveniencia (e.g. OXXO),yes,no,Female,Grocery store (aka. nanostore),Frutas y snack bar,2 Photos,19.0183906637,-98.2154550929,2.0,1.0,4.0,0.0,8.0,8.0,20.0
10,0c23bf28-c128-48c6-b42e-c578c4e59862,"November 10, 2022",2022-11-11 17:23:44 UTC,Manuel Flores,SRID=4326;POINT(-98.215541169 19.0183779545),Efectivo,yes,0 a 3 cuadras,Automóvil,Tienda de conveniencia (e.g. OXXO),yes,Sistema de agua,yes,Proveedor de gas,yes,No lo hago,no,No lo hago,yes,yes,Male,Grocery store (aka. nanostore),Los 3 compadres,1 Photo,19.0183779545,-98.215541169,5.0,2.0,5.0,0.0,8.0,8.0,21.0
11,8e205a60-697a-4332-8d75-3e4b0b78241b,"November 10, 2022",2022-11-11 04:39:34 UTC,Sergio Licea,SRID=4326;POINT(-98.2007074 19.048506),Efectivo,yes,más de 10 cuadras,Transporte público,CFE,yes,Sistema de agua,yes,Proveedor de gas,yes,Tienda de conveniencia (e.g. OXXO),yes,"Banco,Tienda de conveniencia (e.g. OXXO)",yes,yes,Female,Grocery store (aka. nanostore),Dulceria La Económica ,Foto no proporcionada,19.048506,-98.2007074,1.0,0.0,0.0,6.0,200.0,100.0,32.0
12,691fc5cc-0002-44b0-8fac-499ab192758e,"November 10, 2022",2022-11-10 20:29:12 UTC,Daniel Serrano,SRID=4326;POINT(-98.2632802 19.0345269),Efectivo,yes,0 a 3 cuadras,A pie,"CFE,Tiendita",No proporcionado,"Sistema de agua,Tiendita",No proporcionado,Proveedor de gas,no,"Tienda de conveniencia (e.g. OXXO),Tiendita",yes,"Banco,Tienda de conveniencia (e.g. OXXO)",no,no,Male,Butcher shop,Pollería ,1 Photo,19.0345269,-98.2632802,2.0,1.0,0.0,0.0,20.0,0.0,40.0
13,fb68965b-edd7-4623-91dc-fd75c0d0be57,"November 10, 2022",2022-11-10 20:25:37 UTC,Daniel Serrano,SRID=4326;POINT(-98.2632757723 19.0344490665),Efectivo,yes,4 a 6 cuadras,A pie,CFE,no,Sistema de agua,no,Proveedor de gas,no,Tienda de conveniencia (e.g. OXXO),yes,Banco,no,no,Female,Butcher shop,Pollería ,1 Photo,19.0344490665,-98.2632757723,2.0,2.0,0.0,0.0,15.0,15.0,30.0
14,84679011-2e04-462b-8ef3-d219ad8bc841,"November 10, 2022",2022-11-10 20:19:09 UTC,Daniel Serrano,SRID=4326;POINT(-98.2625455409 19.0356886303),Efectivo,yes,4 a 6 cuadras,A pie,CFE,yes,Sistema de agua,yes,Proveedor de gas,no,"Tienda de conveniencia (e.g. OXXO),Tiendita",yes,Banco,no,yes,Male,Grocery store (aka. nanostore),Urigama,1 Photo,19.0356886303,-98.2625455409,1.0,2.0,1.0,0.0,25.0,10.0,35.0
15,7733ef86-89bc-4ece-82ed-4b92366c07ab,"November 10, 2022",2022-11-10 20:06:53 UTC,Daniel Serrano,SRID=4326;POINT(-98.2625173777 19.035646794),Efectivo,yes,4 a 6 cuadras,A pie,No lo hago,no,No lo hago,no,No lo hago,no,No lo hago,no,No lo hago,no,no,Male,Grocery store (aka. nanostore),Urigama,1 Photo,19.035646794,-98.2625173777,3.0,1.0,0.0,0.0,25.0,30.0,14.0
16,62be24fe-fb4e-4c2d-bccb-783e76b172e3,"November 10, 2022",2022-11-10 20:01:37 UTC,Daniel Serrano,SRID=4326;POINT(-98.2624756 19.0357912),Efectivo,yes,7 a 10 cuadras,A pie,CFE,no,Sistema de agua,no,Proveedor de gas,no,Tienda de conveniencia (e.g. OXXO),no,Banco,no,no,Male,Grocery store (aka. nanostore),Croquetería & accesorios para tu mascota,1 Photo,19.0357912,-98.2624756,1.0,2.0,0.0,0.0,50.0,20.0,25.0
17,313e2efe-ab9b-48a1-be74-6dcc0b16d483,"November 10, 2022",2022-11-10 19:56:19 UTC,Daniel Serrano,SRID=4326;POINT(-98.2623266056 19.0361783046),Efectivo,yes,0 a 3 cuadras,A pie,"Supermercado,Tienda de conveniencia (e.g. OXXO),Tiendita",No proporcionado,"Sistema de agua,Tienda de conveniencia (e.g. OXXO),Tiendita",No proporcionado,"Proveedor de gas,Supermercado,Tienda de conveniencia (e.g. OXXO),Tiendita",no,"Tienda de conveniencia (e.g. OXXO),Tiendita",no,Tienda de conveniencia (e.g. OXXO),no,no,Female,Dairy products,Don Beto ,1 Photo,19.0361783046,-98.2623266056,2.0,0.0,0.0,0.0,15.0,15.0,54.0
18,3a0ae19e-eaae-4809-8029-c2c025f9045a,"November 10, 2022",2022-11-10 19:50:41 UTC,Manuel Flores,SRID=4326;POINT(-98.2170814276 19.0197941918),Efectivo,yes,0 a 3 cuadras,A pie,Tienda de conveniencia (e.g. OXXO),no,Banco,no,"Banco,Tienda de conveniencia (e.g. OXXO)",no,Tienda de conveniencia (e.g. OXXO),yes,"Banco,Tienda de conveniencia (e.g. OXXO)",no,no,Male,Grocery store (aka. nanostore),La aztorga,2 Photos,19.0197941918,-98.2170814276,5.0,2.0,0.0,0.0,10.0,10.0,46.0
19,02e4f514-1de2-4dd5-b16e-e8f83a62ec1f,"November 10, 2022",2022-11-10 19:50:36 UTC,Daniel Serrano,SRID=4326;POINT(-98.2626327127 19.0364229827),Transferencia interbancaria,no,4 a 6 cuadras,A pie,"CFE,Tienda de conveniencia (e.g. OXXO)",yes,Sistema de agua,yes,Proveedor de gas,yes,No lo hago,no,Tienda de conveniencia (e.g. OXXO),no,yes,Male,Produce (fruits & vegetables),Pollería Rosi ,1 Photo,19.0364229827,-98.2626327127,3.0,0.0,1.0,0.0,20.0,20.0,22.0
20,beb77ac6-85a0-4caf-a7e7-59996bcbbd7f,"November 10, 2022",2022-11-10 19:42:10 UTC,Daniel Serrano,SRID=4326;POINT(-98.2626444474 19.0363551575),Efectivo,yes,más de 10 cuadras,Automóvil,CFE,no,Sistema de agua,no,Proveedor de gas,no,No lo hago,no,"No lo hago,transferencia ",no,no,Female,Produce (fruits & vegetables),Pollería Rosi ,1 Photo,19.0363551575,-98.2626444474,2.0,3.0,1.0,0.0,30.0,15.0,40.0
21,6570ebe1-68b9-4bee-aa1b-4606d486ff75,"November 10, 2022",2022-11-10 19:33:38 UTC,Fernando Gonzálezinactivo,SRID=4326;POINT(-98.263451 19.0367483),Efectivo,yes,más de 10 cuadras,Automóvil,Tienda de conveniencia (e.g. OXXO),yes,Internet,yes,Proveedor de gas,no,Tienda de conveniencia (e.g. OXXO),yes,No lo hago,no,yes,Male,Grocery store (aka. nanostore),Miscelanea Juquilita,1 Photo,19.0367483,-98.263451,1.0,2.0,1.0,0.0,40.0,20.0,19.0
22,7470508d-e4ea-4a60-ab9e-b96f2f1dc4c8,"November 10, 2022",2022-11-10 19:33:22 UTC,Daniel Serrano,SRID=4326;POINT(-98.2635697 19.0366637),Efectivo,yes,4 a 6 cuadras,A pie,CFE,yes,Sistema de agua,yes,Proveedor de gas,yes,Tienda de conveniencia (e.g. OXXO),yes,"Supermercado,Tienda de conveniencia (e.g. OXXO),Tiendita",no,no,Female,Dairy products,Misc. Juquilita ,1 Photo,19.0366637,-98.2635697,3.0,0.0,0.0,0.0,15.0,30.0,27.0
23,e304cd5f-5ae8-4f7d-a7f6-c09e0094fb82,"November 3, 2022",2022-11-10 00:58:39 UTC,Fernando Gonzálezinactivo,SRID=4326;POINT(-98.2641572133 19.0345641171),Efectivo,yes,más de 10 cuadras,Transporte público,No lo hago,yes,No lo hago,yes,No lo hago,yes,No lo hago,yes,No lo hago,no,no,Male,Grocery store (aka. nanostore),Minisuper Rayitas,1 Photo,19.0345641171,-98.2641572133,2.0,2.0,5.0,0.0,150.0,150.0,18.0
24,3ec7d304-f11a-431d-8731-6e2f29fbb85e,"November 3, 2022",2022-11-10 00:58:39 UTC,Fernando Gonzálezinactivo,SRID=4326;POINT(-98.2666610554 19.0351390524),Efectivo,yes,más de 10 cuadras,Transporte público,No lo hago,no,No lo hago,no,No lo hago,no,No lo hago,no,No lo hago,no,no,Male,Grocery store (aka. nanostore),La Universal,1 Photo,19.0351390524,-98.2666610554,1.0,1.0,0.0,0.0,100.0,150.0,18.0
25,0ceecc2f-6bf6-4b37-a39a-d0089a18c0b5,"November 3, 2022",2022-11-10 00:58:38 UTC,Fernando Gonzálezinactivo,SRID=4326;POINT(-98.2671411708 19.0352819935),Tarjeta de débito y/o crédito,yes,más de 10 cuadras,Automóvil,No lo hago,no,No lo hago,no,No lo hago,no,No lo hago,no,No lo hago,no,no,Male,Micro-restaurant (aka. fondita),Taquería Don Jorge,1 Photo,19.0352819935,-98.2671411708,1.0,1.0,0.0,0.0,100.0,100.0,15.0
26,0fbcf473-39af-4f09-a325-91a2d235ed4a,"November 7, 2022",2022-11-10 00:01:22 UTC,Leoncio Mora Díaz,SRID=4326;POINT(-98.2488074989 19.0315343616),Tarjeta de débito y/o crédito,yes,0 a 3 cuadras,A pie,CFE,no,Sistema de agua,no,Proveedor de gas,no,No lo hago,no,Banco,no,no,Male,Grocery store (aka. nanostore),Aren salón de belleza ,1 Photo,19.0315343616,-98.2488074989,1.0,0.0,0.0,0.0,50.0,30.0,29.7
27,57358cdd-eb9f-43f6-94be-bcf79e0664e3,"November 7, 2022",2022-11-10 00:01:22 UTC,Leoncio Mora Díaz,SRID=4326;POINT(-98.2492553477 19.0258156295),Transferencia interbancaria,yes,7 a 10 cuadras,Automóvil,App,yes,App,yes,Automático ,yes,Plan ,yes,Banco,yes,no,Female,Micro-restaurant (aka. fondita),Con sabor a hogar ,1 Photo,19.0258156295,-98.2492553477,5.0,8.0,2.0,0.0,39.0,0.0,35.0
28,667e21ba-3e9f-4f4d-b23a-495986377506,"November 7, 2022",2022-11-10 00:00:57 UTC,Pablo Jesús Pérez Franklin,SRID=4326;POINT(-98.2488052547 19.0319169806),Tarjeta de débito y/o crédito,yes,más de 10 cuadras,Automóvil,Tienda de conveniencia (e.g. OXXO),yes,Sistema de agua,yes,Proveedor de gas,yes,Tienda de conveniencia (e.g. OXXO),yes,"Banco,Tienda de conveniencia (e.g. OXXO)",yes,no,Male,Grocery store (aka. nanostore),SIX,Foto no proporcionada,19.0319169806,-98.2488052547,1.0,2.0,2.0,0.0,25.0,25.0,18.0
29,44f08598-31d4-4172-ae01-5c3d6245aa09,"November 7, 2022",2022-11-10 00:00:56 UTC,Pablo Jesús Pérez Franklin,SRID=4326;POINT(-98.2489068434 19.0313727784),Efectivo,yes,más de 10 cuadras,Transporte público,Tienda de conveniencia (e.g. OXXO),no,Sistema de agua,no,Proveedor de gas,no,Tienda de conveniencia (e.g. OXXO),no,"Banco,Tienda de conveniencia (e.g. OXXO)",no,yes,Male,Cafeteria,Tortas el primo ,1 Photo,19.0313727784,-98.2489068434,1.0,1.0,1.0,2.0,15.0,60.0,20.0
30,1e4edc4d-22ab-4a1d-86e2-04169ae02335,"November 7, 2022",2022-11-10 00:00:56 UTC,Pablo Jesús Pérez Franklin,SRID=4326;POINT(-98.2494191453 19.0267601411),Tarjeta de débito y/o crédito,yes,7 a 10 cuadras,Automóvil,CFE,no,"Sistema de agua,Tienda de conveniencia (e.g. OXXO)",no,Proveedor de gas,no,Tienda de conveniencia (e.g. OXXO),no,"Banco,Tienda de conveniencia (e.g. OXXO)",no,no,Male,Cafeteria,DON MOY,1 Photo,19.0267601411,-98.2494191453,1.0,5.0,6.0,3.0,150.0,200.0,38.0
31,71df3b78-0538-44d6-a483-03111d32a2f0,"November 7, 2022",2022-11-10 00:00:53 UTC,Pablo Jesús Pérez Franklin,SRID=4326;POINT(-98.2502124086 19.0265566535),Efectivo,yes,0 a 3 cuadras,A pie,Tienda de conveniencia (e.g. OXXO),yes,Sistema de agua,yes,Proveedor de gas,no,Tienda de conveniencia (e.g. OXXO),yes,Banco,yes,no,Female,Grocery store (aka. nanostore),"FRUTAS, VERDURAS Y ABARROTES D’NYS",1 Photo,19.0265566535,-98.2502124086,1.9,0.0,0.0,0.0,50.0,50.0,65.0
32,5453a849-f695-4f4a-bb8e-0e81eabda7df,"November 7, 2022",2022-11-10 00:00:52 UTC,Pablo Jesús Pérez Franklin,SRID=4326;POINT(-98.2492511719 19.0256704332),Efectivo,yes,7 a 10 cuadras,Automóvil,"CFE,Celular (aplicación)",yes,Sistema de agua,yes,Proveedor de gas,no,Tienda de conveniencia (e.g. OXXO),yes,Tienda de conveniencia (e.g. OXXO),no,yes,Female,Produce (fruits & vegetables),ABARROTES FRUTAS Y VERDURAS “HERNÁNDEZ”,1 Photo,19.0256704332,-98.2492511719,4.0,1.0,0.0,0.0,50.0,100.0,42.0
33,d97dbd74-c8fd-4388-ba5f-e1b875e5b86d,"November 7, 2022",2022-11-10 00:00:52 UTC,Pablo Jesús Pérez Franklin,SRID=4326;POINT(-98.2491542771 19.025403552),Efectivo,yes,más de 10 cuadras,Automóvil,Aplicación ,No proporcionado,Sistema de agua,yes,Proveedor de gas,no,Tienda de conveniencia (e.g. OXXO),yes,No lo hago,no,yes,Male,Grocery store (aka. nanostore),Misceláneas San Juditas,1 Photo,19.025403552,-98.2491542771,4.0,6.0,4.0,0.0,50.0,50.0,50.0
34,d858040d-2adb-4830-84b4-407d0de306c8,"November 4, 2022",2022-11-09 23:32:33 UTC,José Zapata,SRID=4326;POINT(-98.217873 19.01854),Efectivo,yes,0 a 3 cuadras,A pie,CFE,yes,Sistema de agua,yes,Aplicación,yes,Tienda de conveniencia (e.g. OXXO),yes,Tienda de conveniencia (e.g. OXXO),yes,yes,Male,Grocery store (aka. nanostore),Recaudattán,1 Photo,19.01854,-98.217873,4.0,2.0,2.0,0.0,30.0,30.0,20.0
35,93f89401-7f8b-4ef3-ba89-a3f407b4ef69,"November 9, 2022",2022-11-09 23:19:13 UTC,Amaranta Hernández,SRID=4326;POINT(-98.166423887 19.072236547),Efectivo,yes,0 a 3 cuadras,A pie,CFE,no,Sistema de agua,no,Proveedor de gas,no,"Farmacia ,Tienda de conveniencia (e.g. OXXO)",yes,No lo hago,no,no,Female,Grocery store (aka. nanostore),ILYA PAPELERÍA ,1 Photo,19.072236547,-98.166423887,1.9,0.0,0.0,0.0,0.0,0.0,67.0
36,328e10e9-cc6d-47d5-8cee-1cc56e2201bd,"November 9, 2022",2022-11-09 23:19:12 UTC,Amaranta Hernández,SRID=4326;POINT(-98.1656574458 19.0723740694),Efectivo,yes,0 a 3 cuadras,A pie,App,no,App,no,App,no,App,yes,No lo hago,no,no,Female,Micro-restaurant (aka. fondita),Antojitos ,1 Photo,19.0723740694,-98.1656574458,5.0,3.0,1.0,0.0,0.0,0.0,33.0
37,a952bc44-ff6f-4c68-828f-594566388269,"November 9, 2022",2022-11-09 23:19:12 UTC,Amaranta Hernández,SRID=4326;POINT(-98.1666609272 19.0697383098),Efectivo,yes,4 a 6 cuadras,A pie,No lo hago,no,No lo hago,no,No lo hago,no,No lo hago,no,No lo hago,no,no,Female,Grocery store (aka. nanostore),El supercito ,1 Photo,19.0697383098,-98.1666609272,2.0,2.0,1.0,0.0,0.0,0.0,21.0
38,84785c1b-15a9-4b2b-98e1-6d7f74277927,"November 9, 2022",2022-11-09 23:19:11 UTC,Amaranta Hernández,SRID=4326;POINT(-98.1665194407 19.0696236004),Efectivo,yes,más de 10 cuadras,Transporte público,"CFE,En línea ",no,En línea ,no,"En línea ,Proveedor de gas",no,Tienda de conveniencia (e.g. OXXO),no,No lo hago,no,no,Female,Micro-restaurant (aka. fondita),Café Donatelli,1 Photo,19.0696236004,-98.1665194407,1.0,4.0,9.0,0.0,0.0,0.0,18.0
39,49cfc1e7-8560-4aec-8973-d55b559e3336,"November 9, 2022",2022-11-09 23:19:11 UTC,Amaranta Hernández,SRID=4326;POINT(-98.1676251814 19.0708933214),Efectivo,yes,más de 10 cuadras,Transporte público,CFE,no,Sistema de agua,no,Proveedor de gas,no,No lo hago,no,No lo hago,no,no,Male,Micro-restaurant (aka. fondita),(No tiene nombre) ,1 Photo,19.0708933214,-98.1676251814,1.0,2.0,0.0,0.0,0.0,0.0,18.0
40,85c26824-a563-41eb-8bb4-1604e967d9bb,"November 9, 2022",2022-11-09 23:19:10 UTC,Amaranta Hernández,SRID=4326;POINT(-98.1671138853 19.071234278),Efectivo,yes,más de 10 cuadras,Automóvil,CFE,yes,Sistema de agua,yes,Proveedor de gas,yes,Banco,no,No lo hago,no,no,Male,Grocery store (aka. nanostore),El León,1 Photo,19.071234278,-98.1671138853,2.0,2.0,5.0,6.0,200.0,200.0,20.0
41,f16783bf-0337-40af-b4c2-bf40e9e0d78a,"November 9, 2022",2022-11-09 23:19:10 UTC,Amaranta Hernández,SRID=4326;POINT(-98.1671024859 19.0712311093),Efectivo,yes,más de 10 cuadras,Transporte público,CFE,yes,Sistema de agua,yes,Proveedor de gas,yes,Tienda de conveniencia (e.g. OXXO),yes,No lo hago,no,yes,Female,Grocery store (aka. nanostore),El León ,1 Photo,19.0712311093,-98.1671024859,1.0,0.0,0.0,0.0,50.0,50.0,19.0
42,8476942c-3475-4386-a2eb-57e8c7cac9ee,"November 9, 2022",2022-11-09 23:19:09 UTC,Amaranta Hernández,SRID=4326;POINT(-98.1671789289 19.0711623476),Efectivo,yes,más de 10 cuadras,Transporte público,CFE,no,Sistema de agua,no,No lo hago,no,No lo hago,no,No lo hago,no,no,Male,Grocery store (aka. nanostore),La universitaria ,1 Photo,19.0711623476,-98.1671789289,2.0,0.0,0.0,0.0,0.0,0.0,22.0
43,811a4e98-1f23-4410-8842-4a60c0dad15c,"November 9, 2022",2022-11-09 23:19:09 UTC,Amaranta Hernández,SRID=4326;POINT(-98.1671712175 19.0711626645),Efectivo,yes,más de 10 cuadras,Transporte público,En línea ,no,En línea ,no,Proveedor de gas,no,En línea ,yes,No lo hago,no,no,Male,Grocery store (aka. nanostore),La universitaria ,1 Photo,19.0711626645,-98.1671712175,1.0,4.0,2.0,0.0,10.0,10.0,22.0
44,7a8c638f-c833-499f-90ef-8e01278d19e7,"November 9, 2022",2022-11-09 23:19:08 UTC,Amaranta Hernández,SRID=4326;POINT(-98.1671775877 19.0711556933),Efectivo,yes,más de 10 cuadras,Transporte público,Tienda de conveniencia (e.g. OXXO),no,No lo hago,no,Proveedor de gas,no,Tienda de conveniencia (e.g. OXXO),no,No lo hago,no,no,Female,Grocery store (aka. nanostore),La universitaria ,1 Photo,19.0711556933,-98.1671775877,3.0,2.0,3.0,0.0,0.0,0.0,19.0
45,b6f1ef8b-896f-49c5-9bb0-f0d542628ae1,"November 9, 2022",2022-11-09 23:19:08 UTC,Amaranta Hernández,SRID=4326;POINT(-98.1676315516 19.0708949058),Efectivo,yes,0 a 3 cuadras,A pie,CFE,yes,Sistema de agua,yes,Proveedor de gas,yes,Banco,yes,Banco,yes,yes,Male,Micro-restaurant (aka. fondita),(No tiene nombre) ,1 Photo,19.0708949058,-98.1676315516,2.0,3.0,10.0,0.0,50.0,50.0,22.0
46,e66a2d74-d4d1-4897-8a49-6f2af560080a,"November 9, 2022",2022-11-09 23:19:07 UTC,Amaranta Hernández,SRID=4326;POINT(-98.1676261872 19.0708980745),Efectivo,yes,7 a 10 cuadras,A pie,Supermercado,yes,Sistema de agua,yes,Proveedor de gas,yes,Tienda de conveniencia (e.g. OXXO),yes,Tienda de conveniencia (e.g. OXXO),yes,yes,Male,Micro-restaurant (aka. fondita),(No tiene nombre) ,1 Photo,19.0708980745,-98.1676261872,2.0,6.0,5.0,0.0,40.0,40.0,20.0
47,3e5a3d58-b05e-4c44-bdb2-fe94ee01fcd4,"November 9, 2022",2022-11-09 23:19:07 UTC,Amaranta Hernández,SRID=4326;POINT(-98.1676328927 19.0708936383),Efectivo,yes,7 a 10 cuadras,Automóvil,CFE,no,Sistema de agua,no,Proveedor de gas,no,Banco,no,Banco,no,no,Male,Micro-restaurant (aka. fondita),(No tiene nombre),1 Photo,19.0708936383,-98.1676328927,2.0,1.0,8.0,0.0,50.0,100.0,18.0
48,014c8aaf-c970-47d4-96ff-1e4c1cc9cff5,"November 9, 2022",2022-11-09 23:19:07 UTC,Amaranta Hernández,SRID=4326;POINT(-98.167602968 19.0706738863),Efectivo,yes,más de 10 cuadras,Automóvil,CFE,no,Sistema de agua,no,Proveedor de gas,no,Tienda de conveniencia (e.g. OXXO),no,No lo hago,no,no,Male,Cafeteria,Sagrado juguito ,Foto no proporcionada,19.0706738863,-98.167602968,1.0,5.0,10.0,0.0,55.0,55.0,21.0
49,c0a17903-eff6-4e5c-8c45-de2dc0245cce,"November 9, 2022",2022-11-09 23:19:06 UTC,Amaranta Hernández,SRID=4326;POINT(-98.1671702117 19.0711531583),Efectivo,yes,0 a 3 cuadras,Transporte público,CFE,no,No lo hago,no,Proveedor de gas,no,No lo hago,no,No lo hago,no,no,Female,Grocery store (aka. nanostore),La universitaria ,1 Photo,19.0711531583,-98.1671702117,1.0,0.0,1.0,1.0,5.0,5.0,22.0
50,b548980c-402b-46d3-8a36-85780245dfbf,"November 9, 2022",2022-11-09 23:19:05 UTC,Amaranta Hernández,SRID=4326;POINT(-98.1670967862 19.0712510723),Efectivo,yes,más de 10 cuadras,Transporte público,CFE,no,Sistema de agua,no,Proveedor de gas,no,Tienda de conveniencia (e.g. OXXO),no,No lo hago,no,no,Male,Produce (fruits & vegetables),Hermanos Gonzales ,1 Photo,19.0712510723,-98.1670967862,1.0,0.0,3.0,0.0,100.0,100.0,21.0
51,f03fafe6-b525-48d7-afe2-6ba197f6df8b,"November 9, 2022",2022-11-09 23:19:04 UTC,Amaranta Hernández,SRID=4326;POINT(-98.1671105325 19.0712311093),Efectivo,yes,más de 10 cuadras,Transporte público,CFE,no,Sistema de agua,no,Proveedor de gas,no,Tienda de conveniencia (e.g. OXXO),no,No lo hago,no,no,Male,Grocery store (aka. nanostore),El León,1 Photo,19.0712311093,-98.1671105325,3.0,1.0,0.0,0.0,0.0,0.0,18.0
52,0b50be9b-8a66-4818-9241-22817feb9ae4,"November 9, 2022",2022-11-09 23:19:04 UTC,Amaranta Hernández,SRID=4326;POINT(-98.1671112031 19.0712238212),Efectivo,yes,más de 10 cuadras,Transporte público,En línea ,no,En línea ,no,En línea ,no,En línea ,no,No lo hago,no,yes,Male,Grocery store (aka. nanostore),El León,1 Photo,19.0712238212,-98.1671112031,3.0,7.0,5.0,0.0,44.3,300.0,22.0
53,acd7eff1-85ca-4d66-8bdc-94f064a9833e,"November 9, 2022",2022-11-09 23:19:03 UTC,Amaranta Hernández,SRID=4326;POINT(-98.1671145558 19.0712269899),Efectivo,yes,0 a 3 cuadras,A pie,No lo hago,no,No lo hago,no,No lo hago,no,Tienda de conveniencia (e.g. OXXO),no,No lo hago,no,yes,Male,Grocery store (aka. nanostore),Tontería y tienda “El León”,1 Photo,19.0712269899,-98.1671145558,2.0,2.0,1.0,0.0,50.0,50.0,24.0
54,02c19dfb-29f0-44be-ae71-ab382da68658,"November 9, 2022",2022-11-09 23:19:03 UTC,Amaranta Hernández,SRID=4326;POINT(-98.1672017276 19.0713759206),Efectivo,yes,más de 10 cuadras,Transporte público,Banco,no,Sistema de agua,no,Proveedor de gas,no,Tienda de conveniencia (e.g. OXXO),no,No lo hago,no,no,Male,Grocery store (aka. nanostore),Lonchería Karina,1 Photo,19.0713759206,-98.1672017276,1.0,3.0,0.0,0.0,0.0,0.0,22.0
55,0f0c4409-0781-45a5-b834-e20839c4a36a,"November 9, 2022",2022-11-09 23:19:02 UTC,Amaranta Hernández,SRID=4326;POINT(-98.1669915095 19.0716601559),Efectivo,yes,0 a 3 cuadras,A pie,No lo hago,no,No lo hago,no,No lo hago,no,Tienda de conveniencia (e.g. OXXO),no,No lo hago,no,no,Female,Cafeteria,Jugueria Cristy ,1 Photo,19.0716601559,-98.1669915095,1.0,0.0,0.0,0.0,30.0,30.0,20.0
56,b9829918-2c20-4e66-8466-bec35eaabaed,"November 9, 2022",2022-11-09 23:19:01 UTC,Amaranta Hernández,SRID=4326;POINT(-98.167033419 19.0716028019),Efectivo,yes,más de 10 cuadras,Transporte público,En línea ,no,En línea ,no,Proveedor de gas,no,Tienda de conveniencia (e.g. OXXO),no,Tienda de conveniencia (e.g. OXXO),no,no,Female,Micro-restaurant (aka. fondita),Antojitos las bilingües ,1 Photo,19.0716028019,-98.167033419,1.0,0.0,0.0,0.0,0.0,0.0,21.0
57,51b17ed4-ab42-4e64-aaa5-b70218ff90ac,"November 9, 2022",2022-11-09 23:19:00 UTC,Amaranta Hernández,SRID=4326;POINT(-98.1670367718 19.0716009007),Efectivo,yes,7 a 10 cuadras,Automóvil,"CFE,Tienda de conveniencia (e.g. OXXO)",No proporcionado,"Sistema de agua,Tienda de conveniencia (e.g. OXXO)",no,Tienda de conveniencia (e.g. OXXO),no,Tienda de conveniencia (e.g. OXXO),no,Tienda de conveniencia (e.g. OXXO),no,no,Male,Micro-restaurant (aka. fondita),Antojitos las Bilingües ,1 Photo,19.0716009007,-98.1670367718,1.0,0.0,0.0,0.0,0.0,0.0,45.0
58,fc30f1f5-5f82-4a09-8435-d4ad2f7d9b90,"November 9, 2022",2022-11-09 23:12:54 UTC,Gianluca De la rosa,SRID=4326;POINT(-98.1655981019 19.0722847115),Efectivo,yes,0 a 3 cuadras,A pie,"CFE,Supermercado",yes,"Sistema de agua,Supermercado",yes,"Proveedor de gas,Supermercado",yes,Fonda,yes,Banco,yes,yes,Female,Butcher shop,La Esmeralda ,1 Photo,19.0722847115,-98.1655981019,6.0,0.0,0.0,0.0,80.0,0.0,64.0
59,31a30cd8-15df-43c5-a6a9-037eb4dd53e1,"November 9, 2022",2022-11-09 23:12:54 UTC,Gianluca De la rosa,SRID=4326;POINT(-98.1664822251 19.0696102916),Efectivo,yes,0 a 3 cuadras,A pie,CFE,yes,Sistema de agua,yes,Proveedor de gas,yes,Fonda,yes,Banco,yes,yes,Male,Micro-restaurant (aka. fondita),Donatelli Caffe D’Amici,1 Photo,19.0696102916,-98.1664822251,4.0,2.0,20.0,2.0,50.0,59.0,50.0
60,312f228d-4803-4fc1-90c8-0a76470af6dd,"November 9, 2022",2022-11-09 23:12:54 UTC,Gianluca De la rosa,SRID=4326;POINT(-98.1673499197 19.0709443382),Efectivo,yes,más de 10 cuadras,Transporte público,Tienda de conveniencia (e.g. OXXO),yes,Tienda de conveniencia (e.g. OXXO),yes,Tienda de conveniencia (e.g. OXXO),yes,Tienda de conveniencia (e.g. OXXO),yes,Tienda de conveniencia (e.g. OXXO),yes,yes,Male,Produce (fruits & vegetables),——,Foto no proporcionada,19.0709443382,-98.1673499197,1.0,2.0,3.0,0.0,40.0,100.0,19.0
61,444e17df-1335-4df2-b851-be4d806a8b1c,"November 9, 2022",2022-11-09 23:12:53 UTC,Gianluca De la rosa,SRID=4326;POINT(-98.1674313918 19.0708461071),Efectivo,yes,más de 10 cuadras,Automóvil,Tienda de conveniencia (e.g. OXXO),yes,Tienda de conveniencia (e.g. OXXO),yes,Tienda de conveniencia (e.g. OXXO),yes,Tienda de conveniencia (e.g. OXXO),yes,"Banco,Tienda de conveniencia (e.g. OXXO)",yes,yes,Male,Micro-restaurant (aka. fondita),Maravillas ,1 Photo,19.0708461071,-98.1674313918,1.0,2.3,3.1,0.0,30.0,200.0,18.0
62,633c4f73-b69a-4c5b-93a0-37ab3c95e6d2,"November 9, 2022",2022-11-09 23:12:52 UTC,Gianluca De la rosa,SRID=4326;POINT(-98.1675685197 19.0707038304),Efectivo,yes,más de 10 cuadras,Transporte público,Tienda de conveniencia (e.g. OXXO),no,Tienda de conveniencia (e.g. OXXO),no,Tienda de conveniencia (e.g. OXXO),no,Tienda de conveniencia (e.g. OXXO),no,Tienda de conveniencia (e.g. OXXO),no,no,Female,Grocery store (aka. nanostore),Super Tec,1 Photo,19.0707038304,-98.1675685197,5.0,0.0,0.0,0.0,0.0,100.0,26.0
63,a3c40907-9972-454b-86c3-62ddd052df28,"November 9, 2022",2022-11-09 23:12:52 UTC,Gianluca De la rosa,SRID=4326;POINT(-98.1676165165 19.0708327664),Efectivo,yes,más de 10 cuadras,Transporte público,Tienda de conveniencia (e.g. OXXO),yes,Tienda de conveniencia (e.g. OXXO),yes,Tienda de conveniencia (e.g. OXXO),yes,Tienda de conveniencia (e.g. OXXO),yes,Tienda de conveniencia (e.g. OXXO),yes,yes,Female,Micro-restaurant (aka. fondita),——,1 Photo,19.0708327664,-98.1676165165,3.0,3.0,1.0,2.0,30.0,30.0,18.0
64,d8a6f0cf-d901-4fc1-b1ab-d02811d79266,"November 9, 2022",2022-11-09 23:12:52 UTC,Gianluca De la rosa,SRID=4326;POINT(-98.1675953418 19.070659151),Efectivo,yes,más de 10 cuadras,Transporte público,No lo hago,yes,No lo hago,yes,No lo hago,yes,No lo hago,yes,No lo hago,yes,no,Male,Cafeteria,Sagrado Juguito ,Foto no proporcionada,19.070659151,-98.1675953418,3.0,2.0,0.0,2.0,30.0,30.0,19.0
65,dc21e7ba-0fbc-4c41-819c-934272a52526,"November 9, 2022",2022-11-09 23:12:51 UTC,Gianluca De la rosa,SRID=4326;POINT(-98.1671685353 19.0711506233),Efectivo,yes,más de 10 cuadras,Transporte público,CFE,yes,Sistema de agua,yes,Proveedor de gas,yes,Tienda de conveniencia (e.g. OXXO),yes,Banco,yes,yes,Male,Grocery store (aka. nanostore),La Universitaria ,1 Photo,19.0711506233,-98.1671685353,1.0,10.0,6.0,5.0,100.0,100.0,18.0
66,fb3b6372-3d9f-431d-a15b-401652b3c3dd,"November 9, 2022",2022-11-09 23:12:51 UTC,Gianluca De la rosa,SRID=4326;POINT(-98.1670884043 19.0712542411),Efectivo,yes,más de 10 cuadras,Transporte público,CFE,yes,Sistema de agua,yes,Proveedor de gas,yes,Fonda,yes,Fonda,yes,yes,Male,Produce (fruits & vegetables),Pollería y Recauderia “Hnos González” ,Foto no proporcionada,19.0712542411,-98.1670884043,2.0,2.0,1.0,5.0,150.0,150.0,26.0
67,937f5847-78b2-4acb-b397-fa3122ca1b84,"November 9, 2022",2022-11-09 23:12:50 UTC,Gianluca De la rosa,SRID=4326;POINT(-98.1670961156 19.0712460024),Tarjeta de débito y/o crédito,yes,más de 10 cuadras,Transporte público,"Banco,Tienda de conveniencia (e.g. OXXO)",no,"Banco,Tienda de conveniencia (e.g. OXXO)",no,"Banco,Tienda de conveniencia (e.g. OXXO)",no,Tienda de conveniencia (e.g. OXXO),no,"Banco,Tienda de conveniencia (e.g. OXXO)",no,yes,Male,Grocery store (aka. nanostore),El León,1 Photo,19.0712460024,-98.1670961156,3.0,5.0,3.0,0.0,80.0,100.0,18.0
68,92188493-c1d6-4713-a574-4338f1757622,"November 9, 2022",2022-11-09 23:12:50 UTC,Gianluca De la rosa,SRID=4326;POINT(-98.1670984626 19.0712466361),Efectivo,yes,más de 10 cuadras,Automóvil,Supermercado,no,Supermercado,no,Supermercado,no,Supermercado,no,Supermercado,no,no,Female,Grocery store (aka. nanostore),El León,1 Photo,19.0712466361,-98.1670984626,4.0,2.0,2.0,0.0,44.3,150.0,23.0
69,6f9da911-9487-4564-94cd-b189c490ac17,"November 9, 2022",2022-11-09 23:12:49 UTC,Gianluca De la rosa,SRID=4326;POINT(-98.1670971215 19.0712472699),Efectivo,yes,más de 10 cuadras,Transporte público,Tienda de conveniencia (e.g. OXXO),no,Tienda de conveniencia (e.g. OXXO),no,Tienda de conveniencia (e.g. OXXO),no,Tienda de conveniencia (e.g. OXXO),no,Tienda de conveniencia (e.g. OXXO),no,no,Male,Grocery store (aka. nanostore),El león,1 Photo,19.0712472699,-98.1670971215,5.0,1.0,0.0,0.0,100.0,20.0,22.0
70,aebc091c-a2c1-483c-a8c0-7df6c71e369c,"November 9, 2022",2022-11-09 23:12:49 UTC,Gianluca De la rosa,SRID=4326;POINT(-98.1671795994 19.071394933),Efectivo,yes,más de 10 cuadras,Transporte público,Tienda de conveniencia (e.g. OXXO),no,Tienda de conveniencia (e.g. OXXO),no,Tienda de conveniencia (e.g. OXXO),no,Tienda de conveniencia (e.g. OXXO),no,"Banco,Tienda de conveniencia (e.g. OXXO)",no,no,Male,Grocery store (aka. nanostore),Lonchería Karina,1 Photo,19.071394933,-98.1671795994,2.0,2.0,5.0,2.0,80.0,150.0,21.0
71,3022a296-411d-46e6-acd8-c773a5722936,"November 9, 2022",2022-11-09 23:12:48 UTC,Gianluca De la rosa,SRID=4326;POINT(-98.1669918448 19.0716620572),Efectivo,yes,4 a 6 cuadras,A pie,Banco,no,Banco,no,Banco,no,Banco,no,Banco,no,no,Female,Cafeteria,Jugueria Cristy ,1 Photo,19.0716620572,-98.1669918448,1.0,0.0,0.0,1.0,0.0,0.0,29.0
72,2aa92a65-1905-45c5-8ad8-8f0aa3220832,"November 9, 2022",2022-11-09 23:12:48 UTC,Gianluca De la rosa,SRID=4326;POINT(-98.167033419 19.0716069213),Efectivo,yes,más de 10 cuadras,Automóvil,CFE,no,Sistema de agua,no,Proveedor de gas,no,Fonda,no,Banco,no,yes,Female,Micro-restaurant (aka. fondita),Antojitos “Las Bilingües” ,1 Photo,19.0716069213,-98.167033419,1.0,2.0,0.0,5.0,30.0,30.0,21.0
73,ac893814-01ab-40e9-a87d-6f5a56404f42,"November 9, 2022",2022-11-09 23:12:47 UTC,Gianluca De la rosa,SRID=4326;POINT(-98.1669918448 19.0716604728),Efectivo,yes,4 a 6 cuadras,Automóvil,Tienda de conveniencia (e.g. OXXO),no,Tienda de conveniencia (e.g. OXXO),no,Tienda de conveniencia (e.g. OXXO),no,Tienda de conveniencia (e.g. OXXO),no,Tienda de conveniencia (e.g. OXXO),no,no,Female,Cafeteria,Juguería Cristy,1 Photo,19.0716604728,-98.1669918448,2.0,1.0,0.0,0.0,50.0,50.0,50.0
74,cf4d7ad6-509f-4f30-b8b7-27245ec16b62,"November 7, 2022",2022-11-09 22:59:07 UTC,Ulises Núñez Bautista,SRID=4326;POINT(-98.2224064777 19.0578233591),Efectivo,yes,4 a 6 cuadras,A pie,Tienda de conveniencia (e.g. OXXO),no,"Sistema de agua,Supermercado",no,Proveedor de gas,no,No lo hago,yes,Tienda de conveniencia (e.g. OXXO),no,no,Male,Grocery store (aka. nanostore),OEM service ,1 Photo,19.0578233591,-98.2224064777,1.0,2.0,4.0,1.0,50.0,100.0,38.0
75,0e2a0ef0-ec2c-456d-8ab3-ee16f65bb52e,"November 9, 2022",2022-11-09 22:48:37 UTC,Oscar Morales,SRID=4326;POINT(-98.2615284442 19.0192516253),Efectivo,yes,4 a 6 cuadras,A pie,CFE,no,Sistema de agua,no,Proveedor de gas,no,Tienda de conveniencia (e.g. OXXO),yes,No lo hago,no,no,Male,Micro-restaurant (aka. fondita),Buffet de tacos,1 Photo,19.0192516253,-98.2615284442,1.0,0.0,0.0,0.0,20.0,50.0,50.0
76,4d677079-0ae3-4166-afb9-802c21d9d19b,"November 7, 2022",2022-11-08 14:55:09 UTC,Jorge Alberto Ostorga Flores,SRID=4326;POINT(-98.222345439 19.0579346723),Tarjeta de débito y/o crédito,yes,7 a 10 cuadras,Transporte público,Tienda de conveniencia (e.g. OXXO),no,Tienda de conveniencia (e.g. OXXO),no,Proveedor de gas,no,No lo hago,no,Tienda de conveniencia (e.g. OXXO),no,no,Male,Grocery store (aka. nanostore),ValTech,1 Photo,19.0579346723,-98.222345439,1.0,2.0,3.0,0.0,0.0,50.0,28.0
77,43e53a54-f1ed-4fe4-a53f-16851deecd59,"November 7, 2022",2022-11-08 04:13:14 UTC,Danna María Mosqueda Hernández,SRID=4326;POINT(-98.2617088594 19.0187882027),Tarjeta de débito y/o crédito,yes,más de 10 cuadras,Automóvil,No lo hago,no,No lo hago,no,No lo hago,no,Tienda de conveniencia (e.g. OXXO),no,Banco,no,no,Male,Cafeteria,Rey Patata,1 Photo,19.0187882027,-98.2617088594,1.0,5.0,10.0,0.0,30.0,80.0,20.0
78,df0cf8f3-bb6b-40aa-83d3-867756544e41,"November 7, 2022",2022-11-08 04:13:13 UTC,Danna María Mosqueda Hernández,SRID=4326;POINT(-98.2625222119 19.0192133175),Efectivo,yes,más de 10 cuadras,Automóvil,"CFE,Tienda de conveniencia (e.g. OXXO)",no,"Banco,Sistema de agua,Tienda de conveniencia (e.g. OXXO)",no,"Banco,Proveedor de gas",no,"Banco,Tienda de conveniencia (e.g. OXXO)",no,Tienda de conveniencia (e.g. OXXO),no,no,Male,Micro-restaurant (aka. fondita),Los sabores,1 Photo,19.0192133175,-98.2625222119,3.0,1.0,5.0,0.0,50.0,120.0,25.0
79,8a2eb840-887d-4852-9c41-22d54613e1c6,"November 7, 2022",2022-11-08 04:13:13 UTC,Danna María Mosqueda Hernández,SRID=4326;POINT(-98.2625588265 19.0196435072),Transferencia interbancaria,yes,4 a 6 cuadras,Bicicleta,"CFE,Tienda de conveniencia (e.g. OXXO)",no,"Sistema de agua,Tienda de conveniencia (e.g. OXXO)",no,"Mobile app,Proveedor de gas",no,"Mobile app,Tienda de conveniencia (e.g. OXXO)",no,"Banco,Tienda de conveniencia (e.g. OXXO)",no,no,Male,Micro-restaurant (aka. fondita),Cemitas del carmen ,1 Photo,19.0196435072,-98.2625588265,2.0,1.0,3.0,0.0,40.0,100.0,26.0
80,8d723f66-aba1-4f0f-90b9-2589522e6b39,"November 7, 2022",2022-11-08 04:13:12 UTC,Danna María Mosqueda Hernández,SRID=4326;POINT(-98.2624608 19.0200849669),Efectivo,yes,más de 10 cuadras,Automóvil,"CFE,Tienda de conveniencia (e.g. OXXO)",no,"Sistema de agua,Tienda de conveniencia (e.g. OXXO)",no,Proveedor de gas,no,"App,Tienda de conveniencia (e.g. OXXO)",no,App,no,yes,Female,Micro-restaurant (aka. fondita),El Brunch,1 Photo,19.0200849669,-98.2624608,3.0,2.0,6.0,0.0,30.0,80.0,22.0
81,9c925e71-dc95-4389-a68f-d92e08f5f397,"November 7, 2022",2022-11-08 04:13:11 UTC,Danna María Mosqueda Hernández,SRID=4326;POINT(-98.2611493421 19.022423871),Efectivo,yes,0 a 3 cuadras,A pie,Tienda de conveniencia (e.g. OXXO),no,"Sistema de agua,Tienda de conveniencia (e.g. OXXO)",no,Proveedor de gas,no,"Mobile app,Tienda de conveniencia (e.g. OXXO)",no,"Banco,Tienda de conveniencia (e.g. OXXO)",no,no,Female,Butcher shop,Mr. Green,1 Photo,19.022423871,-98.2611493421,4.0,0.0,0.0,5.0,30.0,50.0,36.0
82,1c9ac28a-1c57-454a-946e-14425046ac60,"November 7, 2022",2022-11-08 04:13:11 UTC,Danna María Mosqueda Hernández,SRID=4326;POINT(-98.2608573122 19.0223302274),Transferencia interbancaria,yes,más de 10 cuadras,Automóvil,CFE,no,Sistema de agua,no,"Proveedor de gas,Tienda de conveniencia (e.g. OXXO)",no,Tienda de conveniencia (e.g. OXXO),no,"Banco,Tienda de conveniencia (e.g. OXXO)",no,no,Male,Micro-restaurant (aka. fondita),El sazón de la jarochita,1 Photo,19.0223302274,-98.2608573122,1.0,2.0,4.0,0.0,40.0,90.0,33.0
83,f18d97ac-0207-4ab7-95a5-c3d07ed79c11,"November 7, 2022",2022-11-08 04:13:10 UTC,Danna María Mosqueda Hernández,SRID=4326;POINT(-98.2599681058 19.0221065143),Tarjeta de débito y/o crédito,yes,4 a 6 cuadras,Transporte público,"CFE,Tienda de conveniencia (e.g. OXXO)",No proporcionado,Sistema de agua,No proporcionado,Proveedor de gas,no,Tienda de conveniencia (e.g. OXXO),no,Tienda de conveniencia (e.g. OXXO),no,no,Male,Grocery store (aka. nanostore),Superlim todo en limpieza ,1 Photo,19.0221065143,-98.2599681058,1.0,1.0,2.0,5.0,30.0,50.0,42.0
84,dd77bc8f-6e11-4ebf-a917-f3eb459032d2,"November 7, 2022",2022-11-08 04:13:09 UTC,Danna María Mosqueda Hernández,SRID=4326;POINT(-98.2606685814 19.0208645258),Efectivo,yes,más de 10 cuadras,Motocicleta,"CFE,Mobile app",no,"Mobile app,Sistema de agua",no,Proveedor de gas,no,Mobile app,no,"Mobile app,Tienda de conveniencia (e.g. OXXO)",no,no,Female,Cafeteria,La nueva michoacana,1 Photo,19.0208645258,-98.2606685814,1.0,3.0,4.0,0.0,80.0,120.0,19.0
85,b54a2aa6-2341-4840-908b-28015037ba3b,"November 7, 2022",2022-11-08 04:13:09 UTC,Danna María Mosqueda Hernández,SRID=4326;POINT(-98.2610308473 19.020214174),Efectivo,yes,0 a 3 cuadras,A pie,"Tienda de conveniencia (e.g. OXXO),Tiendita",No proporcionado,"Sistema de agua,Tienda de conveniencia (e.g. OXXO)",no,Proveedor de gas,no,Tienda de conveniencia (e.g. OXXO),yes,"Banco,Tienda de conveniencia (e.g. OXXO)",no,no,Female,Grocery store (aka. nanostore),Alondra Desechables y materias primas,1 Photo,19.020214174,-98.2610308473,2.0,0.0,0.0,5.0,30.0,50.0,38.0
86,69b3d48c-1fed-4afc-93c5-09d6bf53d2d6,"November 7, 2022",2022-11-08 04:13:08 UTC,Danna María Mosqueda Hernández,SRID=4326;POINT(-98.2613938303 19.0194786072),Efectivo,yes,0 a 3 cuadras,A pie,Tienda de conveniencia (e.g. OXXO),yes,Sistema de agua,yes,Proveedor de gas,no,Tienda de conveniencia (e.g. OXXO),no,Tienda de conveniencia (e.g. OXXO),no,no,Female,Produce (fruits & vegetables),Súper Canasta ,1 Photo,19.0194786072,-98.2613938303,5.0,1.0,0.0,4.0,25.0,50.0,57.0
87,1cb18e09-8e37-4453-985c-64d097cc7497,"November 7, 2022",2022-11-08 04:13:08 UTC,Danna María Mosqueda Hernández,SRID=4326;POINT(-98.2606917086 19.0207468242),Efectivo,yes,0 a 3 cuadras,A pie,Tienda de conveniencia (e.g. OXXO),no,Sistema de agua,no,Proveedor de gas,no,Tienda de conveniencia (e.g. OXXO),no,"Banco,Tienda de conveniencia (e.g. OXXO)",no,no,Female,Dairy products,Estética Unisex Aislinn,1 Photo,19.0207468242,-98.2606917086,1.0,2.0,5.0,4.0,50.0,80.0,30.0
88,e8669b1a-4a1e-495b-bd84-53ee4b47fd64,"November 5, 2022",2022-11-08 04:10:09 UTC,Danna María Mosqueda Hernández,SRID=4326;POINT(-98.2615531596 19.0225102393),Efectivo,yes,4 a 6 cuadras,Automóvil,Tienda de conveniencia (e.g. OXXO),no,Tienda de conveniencia (e.g. OXXO),yes,Proveedor de gas,no,Tienda de conveniencia (e.g. OXXO),no,"Supermercado,Tienda de conveniencia (e.g. OXXO)",yes,no,Female,Butcher shop,Carnes Selectas Hermanos Flores,1 Photo,19.0225102393,-98.2615531596,3.0,1.0,6.0,4.0,30.0,50.0,25.0
89,ae6d33c4-9f2d-4487-9498-6bf9b179eb6e,"November 5, 2022",2022-11-08 04:10:09 UTC,Danna María Mosqueda Hernández,SRID=4326;POINT(-98.2611456999 19.0222964781),No realizó compras,no,4 a 6 cuadras,A pie,CFE,yes,Sistema de agua,yes,Proveedor de gas,yes,"Banco,Tienda de conveniencia (e.g. OXXO)",yes,"Banco,Tienda de conveniencia (e.g. OXXO)",no,yes,Female,Grocery store (aka. nanostore),No mame,1 Photo,19.0222964781,-98.2611456999,1.0,6.0,0.0,8.0,30.0,50.0,68.0
90,bf8227eb-6891-4bf7-a680-cab57dd9b635,"November 5, 2022",2022-11-08 04:10:08 UTC,Danna María Mosqueda Hernández,SRID=4326;POINT(-98.2605484483 19.022131044),Efectivo,yes,0 a 3 cuadras,A pie,"CFE,Tienda de conveniencia (e.g. OXXO)",no,Sistema de agua,no,Proveedor de gas,no,"Tienda de conveniencia (e.g. OXXO),Tiendita",yes,No lo hago,no,no,Female,Grocery store (aka. nanostore),Tortillería “Rosales”,1 Photo,19.022131044,-98.2605484483,4.0,1.0,3.0,8.0,30.0,50.0,44.0
91,c53c338a-2f98-42b9-b400-5f7bcefcfd83,"November 5, 2022",2022-11-08 04:10:08 UTC,Danna María Mosqueda Hernández,SRID=4326;POINT(-98.2603235827 19.0217736923),Efectivo,yes,4 a 6 cuadras,A pie,"Tienda de conveniencia (e.g. OXXO),Tiendita",No proporcionado,"Tienda de conveniencia (e.g. OXXO),Tiendita",No proporcionado,Mobile app ,no,Tienda de conveniencia (e.g. OXXO),no,Banco,no,no,Female,Produce (fruits & vegetables),Frutas y verduras “Rafa”,1 Photo,19.0217736923,-98.2603235827,3.0,5.0,2.0,6.0,40.0,80.0,54.0
92,d9976ce5-6538-4036-a39e-c5c175cdcc16,"November 5, 2022",2022-11-08 04:10:07 UTC,Danna María Mosqueda Hernández,SRID=4326;POINT(-98.2605454513 19.0210555913),Efectivo,yes,más de 10 cuadras,Automóvil,Mobile app,no,Mobile app,no,Mobile app,no,Mobile app,no,Banco,no,no,Male,Cafeteria,Rico Pan Casero,1 Photo,19.0210555913,-98.2605454513,1.0,5.0,12.0,0.0,80.0,150.0,19.0
93,318edef0-6228-4007-9a4a-a9b2f5b47e55,"November 5, 2022",2022-11-08 04:10:07 UTC,Danna María Mosqueda Hernández,SRID=4326;POINT(-98.2606651265 19.0208187793),Efectivo,yes,4 a 6 cuadras,Bicicleta,App,no,"Supermercado,Tienda de conveniencia (e.g. OXXO)",no,Banco,no,"Banco,Supermercado,Tienda de conveniencia (e.g. OXXO)",no,Banco,no,no,Male,Grocery store (aka. nanostore),La nueva Michoacana ,1 Photo,19.0208187793,-98.2606651265,2.0,4.0,4.0,2.0,30.0,75.0,28.0
94,db8a304e-aee5-424f-b989-a69495a57f69,"November 5, 2022",2022-11-08 04:10:06 UTC,Danna María Mosqueda Hernández,SRID=4326;POINT(-98.2618381108 19.0189637053),Efectivo,no,0 a 3 cuadras,A pie,Tienda de conveniencia (e.g. OXXO),no,Tienda de conveniencia (e.g. OXXO),no,Proveedor de gas,no,Tienda de conveniencia (e.g. OXXO),no,No lo hago,no,no,Male,Grocery store (aka. nanostore),Ferretería Robgas,1 Photo,19.0189637053,-98.2618381108,1.0,2.0,0.0,3.0,25.0,60.0,52.0
95,432fddb9-089c-4b91-8d00-6290751bb41f,"November 5, 2022",2022-11-08 04:10:06 UTC,Danna María Mosqueda Hernández,SRID=4326;POINT(-98.2614185927 19.0194155786),Efectivo,yes,0 a 3 cuadras,A pie,Tienda de conveniencia (e.g. OXXO),no,"Sistema de agua,Tienda de conveniencia (e.g. OXXO)",no,App móvil ,no,"Tienda de conveniencia (e.g. OXXO),Tiendita",no,Bancomer app,no,no,Female,Grocery store (aka. nanostore),Brillosos productos de limpieza,1 Photo,19.0194155786,-98.2614185927,1.0,5.0,15.0,0.0,50.0,100.0,17.0
96,b9abf2cb-702d-48bf-bc98-16989279b57b,"November 5, 2022",2022-11-08 04:10:05 UTC,Danna María Mosqueda Hernández,SRID=4326;POINT(-98.2609013002 19.0203937492),Efectivo,yes,0 a 3 cuadras,A pie,Tienda de conveniencia (e.g. OXXO),no,Sistema de agua,no,Proveedor de gas,no,Tiendita,no,"Supermercado,Tienda de conveniencia (e.g. OXXO)",no,no,Female,Cafeteria,La Nueva Michoacana ,1 Photo,19.0203937492,-98.2609013002,3.0,4.0,12.0,1.0,65.0,120.0,38.0
97,6a618b5f-3e3c-42f7-9c25-fedf795b86fe,"November 5, 2022",2022-11-08 04:10:05 UTC,Danna María Mosqueda Hernández,SRID=4326;POINT(-98.261080552 19.020082159),Tarjeta de débito y/o crédito,yes,0 a 3 cuadras,A pie,"CFE,Other",yes,Supermercado,yes,Proveedor de gas,yes,Tienda de conveniencia (e.g. OXXO),yes,Transferencia ,yes,yes,Female,Grocery store (aka. nanostore),Ferreterías Fénix ,1 Photo,19.020082159,-98.261080552,1.0,6.0,10.0,6.0,50.0,100.0,22.0
98,f2d7454a-f80c-4e98-af66-37f70266be30,"November 7, 2022",2022-11-07 23:25:53 UTC,Ulises Núñez Bautista,SRID=4326;POINT(-98.2224561327 19.0577741584),Efectivo,no,más de 10 cuadras,Automóvil,Tienda de conveniencia (e.g. OXXO),no,Banco,no,Proveedor de gas,no,Tienda de conveniencia (e.g. OXXO),no,Tienda de conveniencia (e.g. OXXO),no,no,Male,Grocery store (aka. nanostore),Costetix,1 Photo,19.0577741584,-98.2224561327,1.0,0.0,0.0,5.0,100.0,80.0,35.0
99,ed4984b4-f135-4d12-92ae-64e90adecb47,"November 7, 2022",2022-11-07 22:57:49 UTC,Jorge Alberto Ostorga Flores,SRID=4326;POINT(-98.2279899669 19.0598775644),Tarjeta de débito y/o crédito,yes,más de 10 cuadras,A pie,Tienda de conveniencia (e.g. OXXO),no,Sistema de agua,no,Proveedor de gas,no,No lo hago,no,No lo hago,no,no,Male,Dairy products,La Reina de Puebla,Foto no proporcionada,19.0598775644,-98.2279899669,1.0,2.0,7.0,0.0,0.0,0.0,30.0
100,c3363096-2b12-48bc-9650-1c6783f9ebf3,"November 7, 2022",2022-11-07 22:51:16 UTC,Ulises Núñez Bautista,SRID=4326;POINT(-98.2277619174 19.06009126),Tarjeta de débito y/o crédito,yes,más de 10 cuadras,A pie,Tienda de conveniencia (e.g. OXXO),no,Sistema de agua,no,Proveedor de gas,no,Plan telefónico ,no,App,no,no,Male,Micro-restaurant (aka. fondita),Don asador,1 Photo,19.06009126,-98.2277619174,1.0,2.0,7.0,0.0,40.0,70.0,24.0
101,17623ece-ce96-41af-b47b-6d5475a7f3db,"November 7, 2022",2022-11-07 22:51:15 UTC,Ulises Núñez Bautista,SRID=4326;POINT(-98.2223518282 19.0579026417),Efectivo,yes,0 a 3 cuadras,A pie,Banco,no,Banco,no,Proveedor de gas,no,No lo hago,no,No lo hago,no,no,Male,Grocery store (aka. nanostore),Ferretería Ambriz,1 Photo,19.0579026417,-98.2223518282,1.0,0.0,0.0,0.0,0.0,0.0,45.0
102,c412650a-67ed-4e09-93dc-f4cf5dc3c759,"November 7, 2022",2022-11-07 22:41:08 UTC,Jorge Alberto Ostorga Flores,SRID=4326;POINT(-98.2277992196 19.0599489285),Tarjeta de débito y/o crédito,yes,más de 10 cuadras,Automóvil,CFE,no,Sistema de agua,no,Proveedor de gas,no,No lo hago,no,Banco,no,no,Male,Micro-restaurant (aka. fondita),Don Asador,Foto no proporcionada,19.0599489285,-98.2277992196,1.0,6.0,5.0,0.0,0.0,0.0,18.0
103,83a602c7-d845-4a6e-9ad8-4e1907222b6b,"November 7, 2022",2022-11-07 22:41:07 UTC,Jorge Alberto Ostorga Flores,SRID=4326;POINT(-98.2278069689 19.0599946207),Tarjeta de débito y/o crédito,yes,más de 10 cuadras,Automóvil,CFE,no,Sistema de agua,no,Proveedor de gas,no,No lo hago,no,Banco,no,no,Male,Micro-restaurant (aka. fondita),Don Asador,Foto no proporcionada,19.0599946207,-98.2278069689,1.0,8.0,4.0,0.0,0.0,0.0,22.0
104,884419dd-5f1a-4b7b-b58c-c54863ff38de,"November 7, 2022",2022-11-07 22:41:07 UTC,Jorge Alberto Ostorga Flores,SRID=4326;POINT(-98.2279501444 19.0600125649),Efectivo,yes,más de 10 cuadras,Automóvil,CFE,no,Supermercado,no,Proveedor de gas,no,No lo hago,no,Supermercado,no,no,Female,Produce (fruits & vegetables),La Reina de Puebla,1 Photo,19.0600125649,-98.2279501444,1.0,0.0,0.0,2.0,50.0,100.0,45.0
105,be6abfdf-59a4-40df-b285-eef7704eb153,"November 7, 2022",2022-11-07 22:41:06 UTC,Jorge Alberto Ostorga Flores,SRID=4326;POINT(-98.2224507951 19.0579616816),Efectivo,yes,0 a 3 cuadras,A pie,Supermercado,no,Supermercado,no,No lo hago,no,Tiendita,no,No lo hago,no,no,Female,Grocery store (aka. nanostore),Splashbit,1 Photo,19.0579616816,-98.2224507951,1.0,2.0,1.0,0.0,0.0,0.0,60.0
106,0d12293a-ce89-4f2d-8180-b226fa2fd4c9,"November 5, 2022",2022-11-05 17:16:08 UTC,Gustavo Manzanilla,SRID=4326;POINT(-98.2208566368 19.0423914961),Tarjeta de débito y/o crédito,yes,7 a 10 cuadras,didi,Tienda de conveniencia (e.g. OXXO),no,"Banco,Tienda de conveniencia (e.g. OXXO),teléfono",no,"Banco,Supermercado,Tienda de conveniencia (e.g. OXXO),internet",no,"Tienda de conveniencia (e.g. OXXO),Tiendita",no,"Banco,Tienda de conveniencia (e.g. OXXO)",no,yes,Female,Micro-restaurant (aka. fondita),Alto mexico,1 Photo,19.0423914961,-98.2208566368,2.0,5.0,20.0,1.0,30.0,30.0,23.0
107,7ef17008-4a50-4aa4-bf57-abb312725d62,"November 5, 2022",2022-11-05 17:16:08 UTC,Gustavo Manzanilla,SRID=4326;POINT(-98.2198474556 19.0432139247),Tarjeta de débito y/o crédito,no,más de 10 cuadras,Automóvil,app,no,app,no,internet,no,No lo hago,no,"Banco,Tienda de conveniencia (e.g. OXXO)",yes,yes,Male,Dairy products,Dibagasa,1 Photo,19.0432139247,-98.2198474556,1.0,10.0,7.0,2.0,45.0,45.0,45.0
108,ab3b46a0-005d-444b-8192-69f5dfb2e136,"November 3, 2022",2022-11-03 20:32:56 UTC,Daniel Serrano,SRID=4326;POINT(-98.2641407847 19.0346021504),Efectivo,yes,4 km,Automóvil,No lo hago,yes,No lo hago,yes,No lo hago,yes,No lo hago,yes,No lo hago,yes,no,Male,Grocery store (aka. nanostore),Minisuper Rayitas,1 Photo,19.0346021504,-98.2641407847,2.0,8.0,12.0,0.0,70.0,150.0,18.0
109,f7c8c700-376c-4cd7-869c-6c37877dfd24,"November 3, 2022",2022-11-03 20:20:57 UTC,Daniel Serrano,SRID=4326;POINT(-98.2666493207 19.0350601336),Efectivo,yes,30 min,Automóvil,CFE,yes,Sistema de agua,yes,Proveedor de gas,yes,No lo hago,yes,linea,yes,yes,Male,Grocery store (aka. nanostore),La universal ,1 Photo,19.0350601336,-98.2666493207,1.0,10.0,0.0,0.0,50.0,100.0,20.0
110,ee7ac407-4767-47b1-93b3-d7e09b49faec,"November 3, 2022",2022-11-03 20:15:32 UTC,Daniel Serrano,SRID=4326;POINT(-98.2671002671 19.0352236761),Efectivo,yes,20 min,Automóvil,No lo hago,no,No lo hago,no,No lo hago,no,No lo hago,no,No lo hago,no,no,Male,Micro-restaurant (aka. fondita),Taquería don Jorge ,1 Photo,19.0352236761,-98.2671002671,1.0,2.3,10.0,0.0,100.0,100.0,15.0
111,f65a8190-df80-440e-83bc-2639decfffd0,"November 3, 2022",2022-11-03 20:05:31 UTC,Daniel Serrano,SRID=4326;POINT(-98.2678556442 19.0352804088),Efectivo,yes,30 min,Transporte público,No lo hago,no,No lo hago,no,No lo hago,no,No lo hago,no,No lo hago,no,no,Female,Cafeteria,La parrilla del lobo,1 Photo,19.0352804088,-98.2678556442,1.0,1.0,1.0,0.0,50.0,70.0,21.0
112,70f42238-83b5-4a16-9f2e-a758efb8afb0,"November 3, 2022",2022-11-03 20:04:35 UTC,Fernando Gonzálezinactivo,SRID=4326;POINT(-98.2678617 19.0354511),Efectivo,yes,0 a 3 cuadras,A pie,No lo hago,no,No lo hago,no,No lo hago,no,Tienda de conveniencia (e.g. OXXO),no,No lo hago,no,no,Male,Cafeteria,La Parrilla del lobo,1 Photo,19.0354511,-98.2678617,1.0,3.0,2.0,0.0,0.0,0.0,18.0
113,e4727f46-797f-4344-b183-0deeed11750f,"November 3, 2022",2022-11-03 20:04:34 UTC,Fernando Gonzálezinactivo,SRID=4326;POINT(-98.2678314 19.0354858),Efectivo,yes,más de 10 cuadras,Didi,No lo hago,no,No lo hago,no,No lo hago,no,Tienda de conveniencia (e.g. OXXO),no,No lo hago,no,no,Male,Cafeteria,Crudopolis,1 Photo,19.0354858,-98.2678314,1.0,2.0,4.0,0.0,30.0,100.0,18.0
114,0a5616e1-62cd-4f28-a282-9b34db145752,"November 3, 2022",2022-11-03 19:58:24 UTC,Daniel Serrano,SRID=4326;POINT(-98.2679243758 19.0353989453),Efectivo,yes,4 a 6 cuadras,Transporte público,No lo hago,no,No lo hago,no,No lo hago,no,No lo hago,no,No lo hago,no,no,Male,Cafeteria,Crudopolis ,1 Photo,19.0353989453,-98.2679243758,1.0,0.0,3.0,0.0,150.0,59.0,18.0
