,_record_id,_title,_updated_by,228_store_name,232_type_of_store,97_number_of_customers_in_store,268_number_fridges,104_how_many_shelves_does_the_micro_retailer_have,2_current_permanent_employees,4_number_permanent_employees_last_year,103_number_own_fridges,145_number_direct_competitors,24_burnout,271_card_fee,272_card_days_receive_money,273_platform_extra_charge,274_platform_fee,275_platform_days_receive_money,276_expected_days_informal_credit,36_credit_default_rate,315_frequency_topups,316_frequency_utility_bills,317_home_deliveries,62_frequency_only_services,78_number_home_deliveries_week,172_supplier_frequency,163_number_high_perishable_products
0,dff2998e-af74-4de6-8efd-488aca24e67b,"November 12, 2022",Salomon Abdala Perez,Eugene’s Compostura,Tailor,2.0,0.0,4.0,2.0,2.0,0.0,3.0,0.0,0.0,0.0,0.0,0.0,0.0,0.0,0.0,0.0,0.0,0.0,0.0,0.0,0.0,0.0
1,c596412f-4fc2-4983-acba-d9565859e42f,"November 12, 2022",Salomon Abdala Perez,Frutas y verduras Angy,Grocery store (aka. nanostore),0.0,4.0,8.0,1.0,1.0,0.0,4.0,0.0,0.0,0.0,0.0,0.0,0.0,0.0,0.0,0.0,0.0,0.0,0.0,0.0,0.0,2.4
2,5bb632b3-41b5-4fb6-a817-b564e8b45a48,"November 12, 2022",Salomon Abdala Perez,Libélula ,Grocery store (aka. nanostore),0.0,0.0,24.0,2.0,2.0,0.0,0.0,0.0,0.0,0.0,0.0,0.0,0.0,10.0,0.0,0.0,0.0,0.0,0.0,0.0,0.0,2.4
3,6774a0f6-bab4-4a58-bf94-95ad0b7cb438,"November 12, 2022",Salomon Abdala Perez,Quality fix,Grocery store (aka. nanostore),0.0,0.0,2.0,1.0,1.0,0.0,4.0,0.0,0.0,0.0,0.0,0.0,0.0,0.0,0.0,0.0,0.0,0.0,0.0,0.0,0.0,0.0
4,6cc637fa-3d54-48c7-9499-6de13d0a26aa,"November 12, 2022",Salomon Abdala Perez,Artesanías Los Pinos,Grocery store (aka. nanostore),0.0,0.0,16.0,0.0,0.0,0.0,0.0,0.0,0.0,1.0,0.0,0.0,0.0,15.0,0.0,0.0,0.0,0.0,0.0,0.0,0.0,0.0
5,2ab862d8-1449-42fe-9de0-63f0fa86e41c,"November 12, 2022",Salomon Abdala Perez,La fête,Cafeteria,0.0,1.0,2.0,1.0,1.0,1.0,2.0,0.0,0.0,1.0,0.0,0.0,0.0,0.0,0.0,0.0,0.0,0.0,0.0,0.0,0.0,2.4
6,eac16b89-1988-491f-a827-60481298aa35,"November 12, 2022",Salomon Abdala Perez,Yo reparo,Technology Store,1.0,0.0,2.0,2.0,2.0,0.0,0.0,0.0,0.0,0.0,0.0,0.0,0.0,0.9,0.0,0.0,0.0,0.0,0.0,0.0,0.0,0.0
7,719cdad7-cf49-4c64-9f1d-004279b71da0,"November 12, 2022",Salomon Abdala Perez,Miscenlánea Manolos,Grocery store (aka. nanostore),0.0,2.0,12.0,0.0,0.0,0.0,6.0,0.0,0.0,1.0,0.0,0.0,0.0,7.0,0.0,0.0,0.0,0.0,0.0,0.0,0.0,2.4
8,b7494ae1-8154-4538-afd2-f9362d561ed1,"November 12, 2022",Salomon Abdala Perez,Mundo Ciclista,Retailer store,0.0,0.0,8.0,1.0,1.0,0.0,2.0,0.0,0.0,1.0,0.0,0.0,0.0,15.0,0.0,0.0,0.0,0.0,0.0,0.0,0.0,0.0
9,684fc35a-25b7-47b4-be58-bbc8c5bab3fb,"November 12, 2022",Salomon Abdala Perez,Copias & Max,Grocery store (aka. nanostore),0.0,1.0,5.0,1.0,1.0,0.0,1.0,0.0,0.0,0.0,0.0,0.0,0.0,0.9,0.0,0.0,0.0,0.0,0.0,0.0,0.0,5.0
10,74688e80-21b7-4356-9362-6fb2ba1e4f30,"November 12, 2022",Ángel Francisco Altamirano Campos,Desechables y materias primas Alondra,Grocery store (aka. nanostore),3.0,0.0,6.0,1.0,1.0,0.0,3.0,0.0,0.0,0.0,0.0,0.0,0.0,1.0,1.0,0.0,0.0,0.0,0.0,0.0,7.0,10.0
11,e8009ddb-9e2e-44aa-8721-21fbc2fb157e,"November 12, 2022",Ángel Francisco Altamirano Campos,Internet ,internet ,1.0,0.0,3.0,1.0,1.0,0.0,4.0,0.0,0.0,1.0,0.0,0.0,0.0,0.0,2.0,0.0,0.0,0.0,0.0,0.0,0.0,2.0
12,a608b152-7ed5-4e56-a5ab-589867ab0b65,"November 12, 2022",Ángel Francisco Altamirano Campos,Ferretería Fénix ,Ferretería ,2.0,0.0,3.0,2.0,4.0,0.0,4.0,0.0,0.0,0.0,0.0,0.0,0.0,0.0,0.0,0.0,0.0,0.0,0.0,0.0,2.0,2.0
13,f740f232-fc37-4ea5-a5f2-87c1f2ae1951,"November 12, 2022",Ángel Francisco Altamirano Campos,Polleria,Butcher shop,3.0,0.0,1.0,1.0,0.0,0.0,6.0,0.0,0.0,0.0,0.0,0.0,0.0,0.0,0.0,0.0,0.0,0.0,0.0,0.0,7.0,1.0
14,5e8464b9-0b58-4520-a4fc-9c17a8b30500,"November 12, 2022",Ángel Francisco Altamirano Campos,Tortas planchadas,Micro-restaurant (aka. fondita),0.0,0.0,2.0,5.0,0.0,0.0,2.0,0.0,0.0,0.0,0.0,0.0,0.0,0.0,0.0,0.0,0.0,0.0,0.0,0.0,1.0,1.0
15,609385f7-57c8-4210-b927-8b2a9c76ea2c,"November 9, 2022",Ángel Francisco Altamirano Campos,Dulceria ,Dulceria ,1.0,0.0,3.0,1.0,2.0,0.0,2.0,0.0,0.0,0.0,0.0,0.0,0.0,1.0,1.0,0.0,0.0,0.0,0.0,0.0,4.0,20.0
16,461b41ec-1b3b-4d20-9414-8fb66a6e051b,"November 9, 2022",Ángel Francisco Altamirano Campos,Acuario y mascotas ,Pet store,0.0,0.0,4.0,1.0,1.0,0.0,6.0,4.0,0.0,0.0,0.0,0.0,0.0,15.0,0.0,0.0,0.0,0.4,0.0,0.0,1.0,0.0
17,6bb75354-101c-48b1-9c82-76e40f90159c,"November 9, 2022",Ángel Francisco Altamirano Campos,Tortas cue,Micro-restaurant (aka. fondita),2.0,2.0,3.0,3.0,2.0,2.0,6.0,0.0,0.0,0.0,0.0,0.0,0.0,1.0,2.0,0.0,0.0,2.0,2.0,0.0,4.0,15.0
18,77339a78-1542-4445-9403-4344786da162,"November 9, 2022",Ángel Francisco Altamirano Campos,Tacos Robert,Micro-restaurant (aka. fondita),1.0,1.0,1.0,1.0,0.0,0.0,0.0,3.0,0.0,0.0,0.0,0.0,0.0,0.0,0.0,0.0,0.0,0.0,0.0,0.0,7.0,1.0
19,ac115611-d079-46dc-bdb6-5095a71fde01,"November 9, 2022",Ángel Francisco Altamirano Campos,Productos Aldhemi,Cosmetiquera ,0.0,0.0,6.0,4.0,0.0,0.0,1.0,4.0,0.0,0.0,0.0,0.0,0.0,0.0,0.0,0.0,0.0,0.0,0.0,0.0,4.0,1.0
20,9fc2adeb-ac67-46ef-b4db-8f4afb139ecc,"November 11, 2022",Sandra Carreón,Mony ,Dairy products,2.0,6.0,4.7,0.0,0.0,0.0,2.0,0.0,0.0,0.0,0.0,0.0,0.0,0.0,0.0,0.0,0.0,0.0,0.0,0.0,7.0,2.0
21,054d2e34-6343-451f-8d71-d87c1599a614,"November 9, 2022",Hiram Jiménez,dulce detalle,Grocery store (aka. nanostore),0.0,2.0,5.0,0.0,0.0,0.0,0.0,0.0,0.0,0.0,0.0,0.0,0.0,0.0,0.0,0.0,0.0,0.0,0.0,0.0,0.0,0.0
22,b062ce9a-496c-47d1-a193-d8204cc8d968,"November 9, 2022",Hiram Jiménez,Jerusalen,Grocery store (aka. nanostore),0.0,5.0,6.0,0.0,0.0,0.0,0.0,0.0,0.0,0.0,0.0,0.0,0.0,0.0,0.0,0.0,0.0,0.0,0.0,0.0,0.0,0.0
23,bc2a99bc-7c06-4746-85c9-9e53823d9183,"November 9, 2022",Hiram Jiménez,Salchichonerias San Pedro ,Butcher shop,3.0,0.0,6.0,0.0,0.0,0.0,0.0,0.0,0.0,0.0,0.0,0.0,0.0,0.0,0.0,0.0,0.0,0.0,0.0,0.0,0.0,0.0
24,9e202c7e-1c78-4a72-bb84-110a11f16f1a,"November 9, 2022",Hiram Jiménez,Abarrotes Diana,Grocery store (aka. nanostore),0.0,5.0,3.0,0.0,0.0,0.0,0.0,0.0,0.0,0.0,0.0,0.0,0.0,0.0,0.0,0.0,0.0,0.0,0.0,0.0,0.0,0.0
25,dffe1660-c71a-40a5-9578-1335e9b18536,"November 9, 2022",Hiram Jiménez,Abarrotes jaime,Grocery store (aka. nanostore),2.0,3.0,5.0,0.0,0.0,0.0,3.0,0.0,0.0,0.0,0.0,0.0,0.0,0.0,0.0,0.0,0.0,0.0,0.0,0.0,1.0,10.0
26,388f22fd-1484-4443-96b9-d6b7bc79f3b8,"November 9, 2022",Hiram Jiménez,Abarrotes el solecito,Grocery store (aka. nanostore),0.0,2.0,4.0,0.0,0.0,0.0,0.0,0.0,0.0,0.0,0.0,0.0,0.0,0.0,0.0,0.0,0.0,0.0,0.0,0.0,0.0,0.0
27,22ab11ce-fc2c-4031-9f23-74e21486b0f6,"November 9, 2022",Harry Hernández,Miscelánea el zócalo ,Grocery store (aka. nanostore),2.0,5.0,6.0,0.0,0.0,0.0,0.0,0.0,0.0,0.0,0.0,0.0,0.0,0.0,0.0,0.0,0.0,0.0,0.0,0.0,0.0,0.0
28,99f132d3-41dc-47b7-9466-7db694dcd507,"November 9, 2022",Harry Hernández,La pirámide ,Grocery store (aka. nanostore),0.0,2.0,2.0,0.0,0.0,0.0,0.0,0.0,0.0,0.0,0.0,0.0,0.0,0.0,0.0,0.0,0.0,0.0,0.0,0.0,0.0,0.0
29,721a3a26-9865-49f3-9974-dd002febe563,"November 9, 2022",Harry Hernández,Miscelánea teocalli ,Grocery store (aka. nanostore),0.0,3.0,4.0,0.0,0.0,0.0,0.0,0.0,0.0,0.0,0.0,0.0,0.0,0.0,0.0,0.0,0.0,0.0,0.0,0.0,0.0,0.0
30,1d47120b-bd60-4389-849e-68b9d9ba2696,"November 9, 2022",Harry Hernández,Carnicería la cubana ,Butcher shop,0.0,2.0,2.0,0.0,0.0,0.0,0.0,0.0,0.0,0.0,0.0,0.0,0.0,0.0,0.0,0.0,0.0,0.0,0.0,0.0,0.0,0.0
31,674ee633-fde4-4e5e-9460-2a98026928d5,"November 9, 2022",Harry Hernández,Providencia ,Grocery store (aka. nanostore),1.0,3.0,5.0,0.0,0.0,0.0,0.0,0.0,0.0,0.0,0.0,0.0,0.0,0.0,0.0,0.0,0.0,0.0,0.0,0.0,0.0,0.0
32,cde7ae14-5752-4ada-ba91-d74819a7a1b0,"November 9, 2022",Harry Hernández,Carnicería la sorpresa ,Butcher shop,1.0,2.0,3.0,0.0,0.0,0.0,0.0,0.0,0.0,0.0,0.0,0.0,0.0,0.0,0.0,0.0,0.0,0.0,0.0,0.0,0.0,0.0
33,620401bb-43eb-43b3-a8c9-0e5361c3e9e9,"November 9, 2022",Harry Hernández,Miscelánea yolks ,Grocery store (aka. nanostore),1.0,2.0,3.0,0.0,0.0,0.0,0.0,0.0,0.0,0.0,0.0,0.0,0.0,0.0,0.0,0.0,0.0,0.0,0.0,0.0,0.0,0.0
34,8d899887-52af-4d3d-8def-768e011d517e,"November 9, 2022",Ismael López,Cravings,Cafeteria,5.0,2.0,0.0,0.0,1.0,0.0,2.0,3.0,0.0,1.0,0.0,0.0,0.0,0.0,0.0,0.0,0.0,0.0,0.0,0.0,1.0,20.0
35,4919cc09-3642-45fa-b86f-5e016dfabfcb,"November 10, 2022",José Zapata,Tacos de canasta,Micro-restaurant (aka. fondita),3.0,0.0,1.0,1.0,1.0,0.0,3.0,5.0,0.0,0.0,0.0,0.0,0.0,0.0,0.0,0.0,0.0,0.0,0.0,0.0,0.0,5.0
36,4277748d-95df-43ae-9e0d-637a6a83dc57,"November 10, 2022",Azael Mendoza,Mis Mar,Micro-restaurant (aka. fondita),0.0,3.0,2.0,3.0,3.0,3.0,2.0,3.0,0.0,0.2,0.0,0.0,0.0,0.0,0.0,0.0,0.0,0.0,0.0,0.0,7.0,0.0
37,d73b2b14-2ae3-421f-a392-48fef3a94dcf,"November 10, 2022",Azael Mendoza,El calcetín perdido ,Planchaduria,1.0,0.0,1.0,1.0,1.0,0.0,2.0,5.0,0.0,0.0,0.0,0.0,0.0,0.0,0.0,0.0,0.0,0.0,0.0,0.0,1.0,0.0
38,8fc3fc10-d6d7-4509-8860-506163b24e1d,"November 10, 2022",Manuel Flores,Ginecología y obstetricia integral,Ginecología,0.0,0.0,0.0,2.0,2.0,0.0,0.0,0.0,0.0,0.0,0.0,0.0,0.0,0.0,0.0,0.0,0.0,0.0,2.0,0.0,0.0,0.0
39,1a4595e1-61f6-4634-81ad-6a180522b6ce,"November 10, 2022",Manuel Flores,Salón de eventos,Salón de eventos,1.0,0.0,0.0,2.0,2.0,0.0,0.0,0.0,0.0,0.0,0.0,0.0,0.0,0.0,0.0,0.0,0.0,0.0,4.0,0.0,1.0,0.0
40,711c8b5e-708f-4aee-ba78-036b4b2c0ecb,"November 10, 2022",José Zapata,Alebrije ,Micro-restaurant (aka. fondita),2.0,2.0,0.0,2.0,3.0,0.0,6.0,1.0,0.0,0.0,0.0,0.0,0.0,0.0,0.0,0.0,0.0,0.0,0.0,0.0,7.0,0.0
41,2a1fb84a-336c-4148-89d5-ec7a626c1ad7,"November 10, 2022",José Zapata,Miscelanea los 3 compadres,Grocery store (aka. nanostore),2.0,4.0,8.0,0.0,0.0,0.0,3.0,0.5,0.0,0.0,0.0,0.0,0.0,0.0,0.0,7.0,0.0,0.0,7.0,0.0,2.0,0.0
42,bbd2ab9c-c16b-4665-9604-be29c8819cfa,"November 10, 2022",José Zapata,Carnitas el sabroso ,Micro-restaurant (aka. fondita),1.0,0.0,6.0,1.0,3.0,0.0,3.0,6.0,0.0,0.0,0.0,0.0,0.0,0.9,0.1,0.0,0.0,0.0,0.0,0.0,2.0,0.0
43,8905723a-e403-4417-b2f1-913ccf0ec9f8,"November 10, 2022",José Zapata,La Astorga,Panadería ,1.0,0.0,0.0,4.0,4.0,0.0,4.0,0.0,0.0,0.0,0.0,0.0,0.0,0.0,0.0,0.0,0.0,0.0,0.0,0.0,1.0,9.0
44,2d38687d-6e0a-4d42-87fc-7405322abcab,"November 10, 2022",Sandra Carreón,Mi súper Santa Fe ,Grocery store (aka. nanostore),3.0,7.0,4.7,0.0,0.0,0.2,3.0,0.0,0.0,0.0,0.0,0.0,0.0,0.0,0.0,0.0,0.0,0.0,0.0,0.0,2.0,20.0
45,5e008ca9-81fd-4f7e-ad39-8bf6ef1777c1,"November 10, 2022",Sandra Carreón,Abarrotes vinos y licores La ranita,Grocery store (aka. nanostore),3.0,8.0,4.7,2.0,0.0,0.0,0.0,0.0,0.0,1.0,0.0,0.0,0.0,0.0,0.0,0.0,0.0,0.0,0.0,0.0,7.0,0.0
46,80c0ce35-ccb6-434c-9867-a08bd7e4d606,"November 8, 2022",Ricardo Galindo Bulos,"Abarrotes Frutas y Verduras ""Hernández""",Grocery store (aka. nanostore),3.0,2.0,10.0,0.0,0.0,0.0,0.0,0.0,0.0,0.0,0.0,0.0,0.0,0.0,0.0,0.0,0.0,0.0,0.0,0.0,0.0,0.0
47,138bbecb-38b5-4cba-93a8-160d9673e594,"November 10, 2022",Alan Bravo,Productos de belleza y accesorios ,Dairy products,0.0,0.0,5.0,2.0,2.0,0.0,2.0,3.0,0.0,0.2,0.0,0.0,0.0,0.0,0.0,0.0,0.0,2.0,2.0,0.0,1.0,0.0
48,77fa0634-09b6-4a74-82bf-b45856a0ac80,"November 10, 2022",Alan Bravo,Don porkirio,Micro-restaurant (aka. fondita),1.0,2.0,0.0,2.0,2.0,1.0,1.0,0.5,0.0,1.0,0.0,0.0,0.0,3.0,0.0,0.0,0.0,0.4,28.0,0.0,7.0,3.0
49,0fce5eac-b5a5-4f3b-859f-771557b43ffc,"November 10, 2022",Alan Bravo,Hules especiales de precisión ,hules,0.0,0.0,1.0,0.0,0.0,0.0,0.0,0.0,0.0,0.0,0.0,0.0,0.0,0.0,0.0,0.0,0.0,0.0,0.0,0.0,0.0,0.0
50,68cdec26-ec41-4735-bb56-4be0eb909b38,"November 10, 2022",Alan Bravo,Fraiche,cosmetiquera ,0.0,0.0,2.0,2.0,0.0,0.0,0.0,0.0,0.0,1.0,0.0,0.0,0.0,0.0,0.0,0.0,0.0,0.0,0.0,0.0,2.0,0.0
51,ea271240-ba0a-4e53-8c9e-ceeccbb98fae,"November 3, 2022",Jorge Mason,Restaurant La parrilla del lobo,Cafeteria,4.0,2.0,2.0,2.0,2.0,2.0,1.0,2.0,0.0,2.0,0.0,0.0,0.0,3.0,0.0,0.0,0.0,2.0,0.0,0.0,1.0,5.0
52,44430dae-7e3b-484f-9837-b32e64b866de,"November 10, 2022",Emilio Garza,Miscelánea la betty,Grocery store (aka. nanostore),2.0,3.0,5.0,0.0,0.0,0.0,0.0,0.0,0.0,0.0,0.0,0.0,0.0,0.0,0.0,0.0,0.0,0.0,0.0,0.0,0.0,0.0
53,82814e7b-8a6e-4c4c-8cb1-19f3fa0e9cf8,"November 10, 2022",Francisco Adán,Antigüedades San Jorge ,objetos ,0.0,0.0,2.0,1.0,1.0,0.0,5.0,3.0,0.0,1.0,0.0,0.0,0.0,0.0,0.0,0.0,0.0,1.0,1.0,0.0,0.0,0.0
54,31b24351-6801-427e-9c8c-c3e8a3012e80,"November 10, 2022",Francisco Adán,Bazar-Lupita,muebles,1.0,0.0,3.0,0.0,0.0,0.0,0.0,0.0,0.0,0.0,0.0,0.0,0.0,0.0,0.0,0.0,0.0,0.0,0.0,0.0,0.0,0.0
55,febca9e2-7535-43ee-b765-7283051222a0,"November 10, 2022",José Oropeza,Nichimtik,Clothing,0.0,0.0,5.0,2.0,2.0,0.0,4.0,0.0,0.0,0.0,0.0,0.0,0.0,0.0,0.0,0.0,0.0,0.0,0.0,0.0,2.0,0.0
56,0e65b977-a943-4e48-ad77-2d67af2fc211,"November 10, 2022",Emilio Garza,Bazar San José ,Handmade products ,0.0,0.0,5.0,0.0,0.0,0.0,0.0,0.0,0.0,0.0,0.0,0.0,0.0,0.0,0.0,0.0,0.0,0.0,0.0,0.0,0.0,0.0
57,64e03a00-d30d-410f-a122-11deb6ba2e20,"November 10, 2022",Emilio Garza,Manos de tierra ,Rock store,0.0,0.0,8.0,3.0,0.0,0.0,3.0,0.0,0.0,0.0,0.0,0.0,0.0,0.0,0.0,0.0,0.0,0.0,0.0,0.0,0.0,0.0
58,75bcc709-90ff-4db7-bb82-293f2f72f3ae,"November 10, 2022",Francisco Adán,Barra de café ,ropa,1.0,0.0,2.0,4.0,0.0,0.0,1.0,0.0,0.0,0.0,0.0,0.0,0.0,0.0,0.0,0.0,0.0,0.0,0.0,0.0,0.0,0.0
59,bd59c8b6-81cb-4698-8cfd-dbab7f01ef21,"November 10, 2022",Francisco Adán,NumismáticaJr,objetos ,0.0,0.0,1.0,1.0,0.0,0.0,6.0,0.0,0.0,1.0,0.0,0.0,0.0,0.0,0.0,0.0,0.0,0.0,0.0,0.0,0.0,0.0
60,94b1c6bc-1fb8-4895-aacc-c2604dc12b93,"November 10, 2022",Emilio Garza,Talavera Salazar ,Handmade & typical candy store ,0.0,0.0,4.0,1.0,0.0,0.0,10.0,0.0,0.0,0.0,0.0,0.0,0.0,0.0,0.0,0.0,0.0,7.0,0.0,0.0,1.0,0.0
61,d9ff4194-657e-4fb4-b5f4-b7e8b350a646,"November 10, 2022",Emilio Garza,Axolote ,Handmade products ,0.0,0.0,3.0,0.0,0.0,0.0,0.0,0.0,0.0,0.0,0.0,0.0,0.0,0.0,0.0,0.0,0.0,0.0,0.0,0.0,0.0,0.0
62,4761f1f0-c07d-41ef-bd9a-e666b361eb05,"November 10, 2022",Emilio Garza,Deportes Jano,Sports,1.0,0.0,3.0,0.0,0.0,0.0,0.0,0.0,0.0,0.0,0.0,0.0,0.0,0.0,0.0,0.0,0.0,0.0,0.0,0.0,0.0,0.0
63,b2378100-fbff-4355-ad7e-953118b1ee47,"November 3, 2022",Emilio Garza,In graph ,Copias y servicio computadoras  ,2.0,1.0,1.0,0.0,0.0,0.0,1.0,0.0,0.0,0.0,0.0,0.0,0.0,0.0,0.0,2.0,0.0,0.0,2.0,0.0,2.0,0.0
64,a63c0cf4-ae7b-43e9-afdf-8ab8b6858384,"November 3, 2022",Emilio Garza,Camote azul ,Objetos tradicionales,0.0,0.0,3.0,0.0,0.0,0.0,0.0,0.0,0.0,0.0,0.0,0.0,0.0,0.0,0.0,0.0,0.0,0.0,0.0,0.0,0.0,0.0
65,7ef4ba01-a333-4096-9777-d424b5817a19,"November 4, 2022",Mauro Munguía,Joyeria catedral,joyeria,0.0,0.0,4.0,0.0,0.0,0.0,7.0,0.0,0.0,1.0,0.0,0.0,0.0,0.0,0.0,0.0,0.0,0.0,0.0,0.0,1.0,0.0
66,40ee0efd-9d2c-4a31-a4e3-203b8b97cf48,"November 4, 2022",Mauro Munguía,Dulceria lili,dulceria,4.0,1.0,6.0,0.0,0.0,0.0,0.0,0.0,0.0,0.0,0.0,0.0,0.0,0.0,0.0,0.0,0.0,0.0,0.0,0.0,1.0,0.0
67,1b92bf97-f1fc-4586-a764-10ca59360d23,"November 4, 2022",Mauro Munguía,Alexander collection,Ropa,1.0,0.0,2.0,4.0,4.0,0.0,5.0,1.0,0.0,1.0,0.0,0.0,0.0,0.0,0.0,0.0,0.0,0.0,0.0,0.0,1.0,0.0
68,9896afc3-9bd0-4dab-8234-bb3d1b3167d0,"November 4, 2022",Mauro Munguía,Chicago Tenis,ropa deportiva,3.0,0.0,10.0,1.1,0.8,0.0,8.0,0.0,0.0,1.0,0.0,0.0,0.0,0.0,0.0,0.0,0.0,0.0,0.4,0.0,1.0,0.0
69,8f206990-f1c2-4f78-8e0d-8132ba616ac4,"November 3, 2022",Jorge Mason,Big Ballz,Micro-restaurant (aka. fondita),5.0,3.0,0.0,3.0,0.0,2.0,3.0,0.0,0.0,1.0,0.0,0.0,0.0,0.9,2.0,0.0,0.0,0.0,0.0,0.0,0.0,0.0
70,d9364f5b-3f7d-4e45-984c-521fdddbf5b8,"November 3, 2022",Jorge Mason,Crudopolis,Cafeteria,1.2,6.0,0.0,4.0,4.0,5.0,5.0,0.0,0.0,1.0,0.0,0.0,0.0,0.0,0.0,0.0,0.0,0.4,0.4,0.0,7.0,20.0
71,7670e6ad-b7db-4371-9c74-9bacbbe57978,"November 8, 2022",Ricardo Galindo Bulos,Ferretería Flores,Ferretería,1.0,0.0,10.0,0.0,0.0,0.0,1.0,0.0,0.0,0.0,0.0,0.0,0.0,0.0,0.0,0.0,0.0,0.0,0.0,0.0,3.0,0.0
72,dfcaffbe-ed9d-4894-8fba-62282b870cf1,"November 7, 2022",Ricardo Galindo Bulos,Miscelánea Gaby,Grocery store (aka. nanostore),1.0,5.0,8.0,1.0,1.0,2.0,4.0,0.0,0.0,0.0,0.0,0.0,0.0,0.0,0.0,0.0,0.0,0.0,0.0,0.0,2.0,4.0
73,6f08add4-c903-4dd4-a21f-97d4107ecbbc,"November 8, 2022",José Zapata,Papelería Fher Ali,Papelería ,2.0,0.0,1.0,2.0,4.0,0.0,1.0,0.0,0.0,0.0,0.0,0.0,0.0,0.0,0.0,5.0,0.0,2.0,5.0,0.0,2.0,0.0
74,e9790ad8-3c33-4957-8c2c-fc302d8da3d5,"November 8, 2022",José Zapata,Marina,Grocery store (aka. nanostore),2.0,2.0,5.0,0.0,0.0,0.0,1.9,0.0,0.0,0.0,0.0,0.0,0.0,0.0,0.0,0.0,0.0,0.0,0.0,0.0,2.0,5.0
75,3a99044e-8643-4b20-93e7-f7242f45a69d,"November 8, 2022",José Zapata,Floristería Lupita,floristería ,0.0,0.0,0.0,0.0,0.0,0.0,3.0,6.0,0.0,0.0,0.0,0.0,0.0,0.0,0.0,0.0,0.0,0.0,0.0,0.0,1.0,0.0
76,9557cb66-8f9c-423a-99ad-56f70c357f2b,"November 8, 2022",José Zapata,Copias ,Papelería ,0.0,0.0,3.0,0.0,0.0,0.0,1.0,0.5,0.0,1.0,0.0,0.0,0.0,0.9,2.0,0.0,0.0,0.0,0.0,0.0,1.0,2.0
77,6535d376-ccbc-429d-bf92-0bec0fedcfeb,"November 4, 2022",José Zapata,Recaudattán,Grocery store (aka. nanostore),3.0,4.0,12.0,3.0,2.0,5.0,1.0,0.0,0.0,0.0,0.0,0.0,0.0,0.0,0.0,1.0,0.0,1.0,1.0,0.0,3.0,2.0
78,55a6c44e-9036-4652-bcc5-402cf1e8b8d7,"November 4, 2022",José Zapata,Miscelanea Meche,Grocery store (aka. nanostore),1.0,3.0,7.0,0.0,0.0,0.0,1.0,0.5,0.0,0.0,0.0,0.0,0.0,3.0,0.1,0.0,0.0,0.0,0.0,0.0,3.0,0.0
79,23919222-4dd0-43a4-8099-e38c2eb348ba,"November 4, 2022",José Zapata,Los girasoles,Venta de productos de limpieza,0.0,0.0,12.0,1.0,2.0,0.0,2.0,0.0,0.0,0.0,0.0,0.0,0.0,0.0,0.0,0.0,0.0,0.0,0.0,0.0,1.0,0.0
80,bb5442a9-8009-4240-a84a-d682c67ed787,"November 8, 2022",José Zapata,Frutas y snacks bar,Grocery store (aka. nanostore),1.2,5.0,9.0,5.0,0.0,0.0,4.0,0.5,0.0,0.0,0.0,0.0,0.0,0.0,0.0,0.0,0.0,0.0,0.0,0.0,5.0,6.0
81,ef9de625-318b-4c97-a0bd-97523bd8003a,"November 9, 2022",Yael Loeza,Polleria Lopez ,Grocery store (aka. nanostore),3.0,3.0,2.0,0.0,0.0,0.0,0.0,0.0,0.0,0.0,0.0,0.0,0.0,0.0,0.0,0.0,0.0,0.0,0.0,0.0,0.0,0.0
82,3154e863-82d3-43c9-8f99-257c5d2d546d,"November 9, 2022",Yael Loeza,Tortilleria de Cinteotl,Dairy products,1.0,0.0,1.0,0.0,0.0,0.0,0.0,0.0,0.0,0.0,0.0,0.0,0.0,0.0,0.0,0.0,0.0,0.0,0.0,0.0,0.0,0.0
83,96740025-9761-4ee6-a468-94562950724d,"November 9, 2022",Benjamin Barbosa,Las Tartas,Micro-restaurant (aka. fondita),2.0,2.0,0.0,2.0,0.0,0.0,3.0,2.0,0.0,0.0,0.0,0.0,0.0,0.0,0.0,0.0,0.0,0.0,0.0,0.0,2.0,0.0
84,c6e73e8a-9e22-45d6-918d-ded0400063df,"November 9, 2022",Benjamin Barbosa,La  Michoacana,Dairy products,2.0,9.0,0.0,0.0,0.0,0.0,0.0,0.0,0.0,0.0,0.0,0.0,0.0,0.0,0.0,0.0,0.0,0.0,0.0,0.0,0.0,0.0
85,5f5ae61c-0e08-4b31-9520-cc8a27b158cc,"November 9, 2022",Benjamin Barbosa,Ferretería y Tlapaleria,Ferretería ,2.0,0.0,9.0,0.0,0.0,0.0,0.0,0.0,0.0,0.0,0.0,0.0,0.0,0.0,0.0,0.0,0.0,0.0,0.0,0.0,0.0,0.0
86,8b5a4be8-bf5b-481b-947e-804792e58f74,"November 9, 2022",Benjamin Barbosa,Papelería ,papeleria,1.0,0.0,3.0,1.0,1.0,0.0,3.0,1.0,0.0,0.0,0.0,0.0,0.0,3.0,1.0,0.0,0.0,0.0,0.0,0.0,2.0,0.0
87,22ba9ab7-4a20-4fa0-83b0-808d49dedd23,"November 9, 2022",Benjamin Barbosa,Tu ropa en buenas manos,compostura de ropa,2.0,0.0,0.0,0.0,0.0,0.0,0.0,0.0,0.0,0.0,0.0,0.0,0.0,0.0,0.0,0.0,0.0,0.0,0.0,0.0,0.0,0.0
88,d02e82aa-5b79-4265-bf1e-827eb5124800,"November 9, 2022",Benjamin Barbosa,Cemitas Sandy,Micro-restaurant (aka. fondita),2.0,1.0,0.0,0.0,0.0,0.0,0.0,0.0,0.0,0.0,0.0,0.0,0.0,0.0,0.0,0.0,0.0,0.0,0.0,0.0,0.0,0.0
89,e007d03f-786b-4108-8ad8-beed34fd9858,"November 9, 2022",Benjamin Barbosa,Tortillería Andrea,Tortillería ,2.0,0.0,0.0,0.0,0.0,0.0,0.0,0.0,0.0,0.0,0.0,0.0,0.0,0.0,0.0,0.0,0.0,0.0,0.0,0.0,0.0,0.0
90,6875fb92-1376-4e26-9157-d94ff681f503,"November 9, 2022",Ismael López,Ricototes Tacototes,Micro-restaurant (aka. fondita),2.0,2.0,3.0,0.0,0.0,0.0,0.0,0.0,0.0,0.0,0.0,0.0,0.0,0.0,0.0,0.0,0.0,0.0,0.0,0.0,0.0,0.0
91,4950fa8b-797c-48b2-8a9d-0e76f18a7464,"November 9, 2022",Benjamin Barbosa,Recauderia La Huerta,Produce (fruits & vegetables),1.0,0.0,12.0,0.0,0.0,0.0,0.0,0.0,0.0,0.0,0.0,0.0,0.0,0.0,0.0,0.0,0.0,0.0,0.0,0.0,0.0,0.0
92,2e17ddf8-72f3-498d-9ebf-8d978d7c21b5,"November 9, 2022",Ismael López,Carnicería Campos,Butcher shop,2.0,1.0,3.0,0.0,0.0,0.0,0.0,0.0,0.0,0.0,0.0,0.0,0.0,0.0,0.0,0.0,0.0,0.0,0.0,0.0,0.0,0.0
93,e78693b9-c294-4094-b522-23bef9a064de,"November 9, 2022",Benjamin Barbosa,Cenita y Tacos El Ron,Micro-restaurant (aka. fondita),2.0,1.0,0.0,2.0,2.0,1.0,0.0,0.0,0.0,0.0,0.0,0.0,0.0,0.0,0.0,0.0,0.0,0.0,0.0,0.0,0.0,0.0
94,acb3b295-21d8-4449-8fbf-7e80cea60763,"November 8, 2022",Ismael López,Miscelanea López,Grocery store (aka. nanostore),0.0,6.0,14.0,0.0,0.0,0.0,3.0,0.5,0.0,0.0,0.0,0.0,0.0,0.0,0.0,0.0,0.0,0.0,0.0,0.0,1.0,0.0
95,d26b7c83-5214-4bf8-b9d0-80a36939d1be,"November 9, 2022",Benjamin Barbosa,Panadería González,Panaderia,2.0,0.0,9.0,0.0,0.0,0.0,0.0,0.0,0.0,0.0,0.0,0.0,0.0,0.0,0.0,0.0,0.0,0.0,0.0,0.0,0.0,0.0
96,0a67a9ed-14ec-4a36-ad80-a70f667f8296,"November 9, 2022",Benjamin Barbosa,Te invito a mi club,Micro-restaurant (aka. fondita),0.0,1.0,0.0,0.0,0.0,1.0,0.0,0.0,0.0,0.0,0.0,0.0,0.0,0.0,0.0,0.0,0.0,0.0,0.0,0.0,0.0,0.0
97,e652b732-fae5-4901-a08c-e7c200b6eb74,"November 9, 2022",Benjamin Barbosa,Cenita y Tortas Puebla,Micro-restaurant (aka. fondita),0.0,2.0,0.0,0.0,0.0,0.0,0.0,0.0,0.0,0.0,0.0,0.0,0.0,0.0,0.0,0.0,0.0,0.0,0.0,0.0,0.0,0.0
98,e4e39c13-b21e-4026-943f-427197559bca,"November 9, 2022",Benjamin Barbosa,Lavandería y Tintoreria,Lavandería ,0.0,0.0,3.0,0.0,0.0,0.0,0.0,0.0,0.0,0.0,0.0,0.0,0.0,0.0,0.0,0.0,0.0,0.0,0.0,0.0,0.0,0.0
99,d0ed4d8e-4c02-4b08-97bc-8b0a91d0b14f,"November 9, 2022",Eduardo Zárate,Dulceria la galleta,Grocery store (aka. nanostore),0.0,0.0,8.0,1.0,1.0,0.0,0.0,0.0,0.0,0.0,0.0,0.0,0.0,0.0,0.0,0.0,0.0,0.0,0.0,0.0,0.0,0.0
100,4dd64f38-8e41-48ff-9a14-b4375b54b7d0,"November 9, 2022",Juan Spínola,San martinito ,Tlapalería ,0.0,0.0,7.0,0.0,0.0,0.0,0.0,0.0,0.0,0.0,0.0,0.0,0.0,0.0,0.0,0.0,0.0,0.0,0.0,0.0,0.0,0.0
101,145827a2-e537-4700-bae2-e5582f57e9a5,"November 9, 2022",Juan Spínola,Miscelánea Florecer,Grocery store (aka. nanostore),0.0,2.0,5.0,0.0,0.0,0.0,0.0,0.0,0.0,0.0,0.0,0.0,0.0,0.0,0.0,0.0,0.0,0.0,0.0,0.0,0.0,0.0
102,f220356d-e266-4266-a036-0695e3e1a655,"November 9, 2022",Alejandro Matias,El Bambino,Dairy products,0.0,2.0,4.0,0.0,0.0,0.0,0.0,0.0,0.0,0.0,0.0,0.0,0.0,0.0,0.0,0.0,0.0,0.0,0.0,0.0,0.0,0.0
103,38093d8c-7c67-44a2-8a86-483021a0ccbf,"November 9, 2022",Alejandro Matias,Rumeech,Tienda de Ropa,1.0,0.0,3.0,1.0,0.0,0.0,0.0,0.5,0.0,0.0,0.0,0.0,0.0,0.0,0.0,0.0,0.0,0.0,0.0,0.0,0.0,0.0
104,8751b672-ea28-4002-bb90-1e6d57aef1d8,"November 9, 2022",Alejandro Matias,Lavanderia y secado de ropa,Lavanderia,0.0,0.0,7.0,0.0,0.0,0.0,0.0,0.0,0.0,0.0,0.0,0.0,0.0,0.0,0.0,0.0,0.0,0.0,0.0,0.0,0.0,0.0
105,9e037604-53a4-46d6-b7ca-8f8f1656b3fd,"November 9, 2022",Alejandro Matias,Farmacia y perfumeria,Grocery store (aka. nanostore),2.0,5.0,14.0,0.0,0.0,0.0,10.0,0.0,0.0,0.0,0.0,0.0,0.0,0.0,0.0,0.2,0.0,0.0,0.0,0.0,0.0,0.0
106,d2cbdf50-cacb-4d95-be0a-a526152ef6ab,"November 9, 2022",Luis Lara,Miscelánea ,Grocery store (aka. nanostore),1.0,2.0,6.0,1.0,0.0,0.0,1.9,5.0,0.0,0.0,0.0,0.0,0.0,0.0,0.0,0.0,0.0,0.0,0.0,0.0,7.0,6.0
107,86c15891-fffa-4a40-b7e7-93c88034c245,"November 9, 2022",Marino Gutiérrez,Freliz,Tienda de ropa,1.0,0.0,5.0,1.0,1.0,0.0,7.0,0.0,0.0,0.0,0.0,0.0,0.0,0.0,0.0,0.0,0.0,0.0,0.0,0.0,1.0,0.0
108,0f1de586-cf6f-4e28-924d-e85f3024587c,"November 9, 2022",Saúl Cuervo,La cremería,Grocery store (aka. nanostore),6.0,3.0,20.0,2.0,2.0,3.0,2.0,0.0,0.0,0.0,0.0,0.0,0.0,2.0,0.0,0.0,0.0,0.0,0.0,0.0,1.0,22.0
109,af5c48b5-a916-47a6-aacc-1128ea1e728e,"November 9, 2022",Ramón Alberto Gastélum,Vinos y Licores Lucy ,Grocery store (aka. nanostore),1.0,2.0,10.0,0.0,0.0,0.0,0.0,0.0,0.0,0.0,0.0,0.0,0.0,0.0,0.0,0.0,0.0,0.0,0.0,0.0,0.0,0.0
110,4790411b-df1d-44f0-a659-6d99e26ae765,"November 9, 2022",Jesús Herrera,Casa de los dulces ,Grocery store (aka. nanostore),0.0,0.0,3.0,0.0,0.0,0.0,0.0,0.0,0.0,0.0,0.0,0.0,0.0,0.0,0.0,0.0,0.0,0.0,0.0,0.0,0.0,0.0
111,e70db20a-25db-412b-9a71-7df285c92a3d,"November 9, 2022",Jesús Herrera,Alondra,Dairy products,0.0,0.0,8.0,0.0,0.0,0.0,0.0,0.0,0.0,0.0,0.0,0.0,0.0,0.0,0.0,0.0,0.0,0.0,0.0,0.0,0.0,0.0
112,6311502b-fa7b-45fc-817f-c229447b7fe1,"November 9, 2022",Pedro Contreras,Súper Panadería Mickey ,Bread ,1.0,0.0,3.0,2.0,0.0,0.0,2.0,0.0,0.0,0.0,0.0,0.0,0.0,0.0,0.0,0.0,0.0,0.0,0.0,0.0,0.0,0.0
113,ea013169-99dd-4027-ac70-91c66161a1a5,"November 9, 2022",Eduardo Zárate,El Antojo,Cafeteria,0.0,1.0,1.0,0.0,0.0,0.0,8.0,2.0,0.0,0.0,0.0,0.0,0.0,0.0,0.0,0.0,0.0,0.0,0.0,0.0,2.0,20.0
114,fa403799-e3d6-427b-accc-4160832a263b,"November 9, 2022",Pedro Contreras,Leydi Goo,Estética ,1.0,0.0,1.0,0.0,0.0,0.0,0.0,0.0,0.0,0.0,0.0,0.0,0.0,0.0,0.0,0.0,0.0,0.0,0.0,0.0,0.0,0.0
115,b2783738-b018-49e2-849d-da909ee5058a,"November 9, 2022",Pedro Contreras,Kanaleon!,Butcher shop,2.0,3.0,0.0,0.0,0.0,0.0,0.0,0.0,0.0,0.0,0.0,0.0,0.0,0.0,0.0,0.0,0.0,0.0,0.0,0.0,0.0,0.0
116,9c4c7985-fc20-4d2a-ae51-a65c584f14eb,"November 9, 2022",Pedro Contreras,Frutería Las Maravillas ,Produce (fruits & vegetables),2.0,0.0,3.0,0.0,0.0,0.0,0.0,0.0,0.0,0.0,0.0,0.0,0.0,0.0,0.0,0.0,0.0,0.0,0.0,0.0,0.0,0.0
117,53c25f08-1c1b-4c1c-97d5-b45c940735cc,"November 9, 2022",Eduardo Zárate,Todo Marravillas,limpieza,0.0,0.0,2.0,0.0,0.0,0.0,0.0,0.0,0.0,0.0,0.0,0.0,0.0,0.0,0.0,0.0,0.0,0.0,0.0,0.0,0.0,0.0
118,c67ce802-7010-4d33-950d-48902e5c7de2,"November 9, 2022",Eduardo Zárate,Súper 45,Dairy products,2.0,1.3,24.0,4.0,4.0,0.2,1.0,0.0,0.0,1.0,0.0,0.0,0.0,0.0,0.0,7.0,0.0,0.0,0.0,0.0,7.0,30.0
119,adadd94c-68ad-4bfa-a816-ba4c46a8a781,"November 9, 2022",Eduardo Zárate,Súper Bendito Hermanos,Dairy products,2.0,6.0,30.0,3.0,3.0,0.2,1.0,0.5,0.0,0.2,0.0,0.0,0.0,0.0,0.0,7.0,7.0,7.0,7.0,0.0,7.0,30.0
120,93e02631-440e-466f-b05d-69e301fbaab0,"November 9, 2022",Eduardo Zárate,No name ,Micro-restaurant (aka. fondita),1.0,1.0,1.0,0.0,0.0,0.0,0.0,0.0,0.0,0.0,0.0,0.0,0.0,0.0,0.0,0.0,0.0,0.0,0.0,0.0,0.0,0.0
121,0591b725-62b4-4871-b3c5-ccbff36ca577,"November 9, 2022",Eduardo Zárate,Memelitas Ame,Micro-restaurant (aka. fondita),1.0,1.0,1.0,0.0,0.0,0.0,0.0,0.0,0.0,0.0,0.0,0.0,0.0,0.0,0.0,0.0,0.0,0.0,0.0,0.0,0.0,0.0
122,0a9f9129-7467-4669-957c-722a26bc27cb,"November 9, 2022",Eduardo Zárate,Paola Papelería & Regalos,Papelería,1.0,0.0,7.0,1.0,1.0,0.0,2.0,4.0,0.0,1.0,0.0,0.0,0.0,0.0,0.0,0.0,0.0,0.0,0.0,0.0,4.0,0.0
123,2c6652da-1fa7-4b92-ad81-893fbd866a3e,"November 7, 2022",Jesús Antonio Zapatero García,La suprema torta ,Micro-restaurant (aka. fondita),0.0,1.0,2.0,3.0,0.0,0.0,5.0,2.0,0.0,0.0,0.0,0.0,0.0,0.0,0.0,0.0,0.0,0.0,0.0,0.0,7.0,20.0
124,53d2492a-162f-4a91-afa3-764efdd719a1,"November 9, 2022",Pedro Contreras,"Tortillas, semillas",Produce (fruits & vegetables),2.0,1.0,7.0,1.0,0.0,0.0,8.0,3.0,0.0,0.0,0.0,0.0,0.0,0.0,0.0,0.0,0.0,21.0,0.0,0.0,7.0,15.0
125,555a5830-66b1-47b5-b174-5480c3b38f8f,"November 9, 2022",Alejandro Matias,Estetica Brushing,Peluqueria,0.0,0.0,0.0,0.0,0.0,0.0,0.0,0.0,0.0,0.0,0.0,0.0,0.0,0.0,0.0,0.0,0.0,0.0,0.0,0.0,0.0,0.0
126,c5097507-8988-4109-8e81-564c57f59382,"November 9, 2022",Alejandro Matias,Cemitas poblanas Dany,Micro-restaurant (aka. fondita),0.0,1.0,1.0,0.0,0.0,0.0,3.0,0.5,0.0,0.0,0.0,0.0,0.0,0.0,0.0,0.0,0.0,0.0,0.0,0.0,0.0,0.0
127,f7b97386-e045-468c-b9e3-1ed1d0f05bbd,"November 9, 2022",Alejandro Matias,Tortas y jugos,Cafeteria,3.0,2.0,1.0,0.0,0.0,0.0,0.0,0.0,0.0,0.0,0.0,0.0,0.0,0.0,0.0,0.0,0.0,0.0,0.0,0.0,0.0,0.0
128,67df942e-bcee-47c2-aee4-bb51d2d741c1,"November 9, 2022",Alejandro Matias,Gorditas Claudia,Micro-restaurant (aka. fondita),0.0,0.0,0.0,1.0,1.0,0.0,0.0,0.0,0.0,0.0,0.0,0.0,0.0,15.0,0.0,0.0,0.0,0.0,0.0,0.0,0.0,0.0
129,4a003685-e2bb-4625-9421-1a1613de2142,"November 9, 2022",Eduardo Zárate,Verona Pasteles,Dairy products,1.0,3.0,1.0,0.0,0.0,0.0,0.0,0.0,0.0,0.0,0.0,0.0,0.0,0.0,0.0,0.0,0.0,0.0,0.0,0.0,0.0,0.0
130,8f24c45a-589f-4e3b-831b-9b3bfa9a6169,"November 9, 2022",Pedro Contreras,Pronósticos Maravillas,Grocery store (aka. nanostore),0.0,1.3,6.0,0.0,0.0,0.0,0.0,0.0,0.0,0.0,0.0,0.0,0.0,0.0,0.0,0.0,0.0,0.0,0.0,0.0,0.0,0.0
131,a2bbf1f3-757a-4823-8421-507882c88e9d,"November 9, 2022",Pedro Contreras,Pizil Pinturas ,Toolshop,0.0,0.0,3.0,1.0,2.0,0.0,3.0,2.0,0.0,0.0,0.0,0.0,0.0,0.0,0.0,0.0,0.0,0.0,0.0,0.0,1.0,0.0
132,19b5953c-88de-4598-9aa9-9a807fd5eb44,"November 3, 2022",Sebastian Salem Barranco Olvera,Gorditas y quesadillas el cebollín ,Micro-restaurant (aka. fondita),1.0,1.0,2.0,1.0,1.0,1.0,4.0,0.5,0.0,0.0,0.0,0.0,0.0,0.0,0.0,0.0,0.0,0.0,0.0,0.0,2.0,0.0
133,36b9240f-8c36-45b1-ba31-32f5838ec14d,"November 3, 2022",Sebastian Salem Barranco Olvera,Floreria Janet,Floreria,3.0,0.0,12.0,3.0,3.0,0.0,1.0,0.0,0.0,0.0,0.0,0.0,0.0,0.0,0.0,0.0,0.0,10.0,3.0,0.0,2.0,20.0
134,3093195c-0293-4dc8-b6b5-97ee2f07dfa6,"November 9, 2022",Pedro Contreras,Miscelánea El Estadio ,Grocery store (aka. nanostore),2.0,3.0,7.0,0.0,0.0,0.0,0.0,0.0,0.0,0.0,0.0,0.0,0.0,0.0,0.0,0.0,0.0,0.0,0.0,0.0,0.0,0.0
135,12362cbc-7046-4634-91ff-135c5a51597f,"November 9, 2022",Pedro Contreras,Tortas Los girasoles ,Micro-restaurant (aka. fondita),0.0,2.0,0.0,2.0,0.0,0.0,1.9,0.0,0.0,0.0,0.0,0.0,0.0,0.0,0.0,0.0,0.0,0.0,0.0,0.0,0.0,0.0
136,10f157e9-991f-45a7-97b6-eb1e5ef382b2,"November 9, 2022",Pedro Contreras,El supercito,Grocery store (aka. nanostore),0.0,1.0,3.0,0.0,0.0,0.0,0.0,0.0,0.0,0.0,0.0,0.0,0.0,0.0,0.0,0.0,0.0,0.0,0.0,0.0,0.0,0.0
137,0abf045f-4b25-43ae-984d-073bb8fc5e9b,"November 9, 2022",Pedro Contreras,Miscelánea la paloma ,Grocery store (aka. nanostore),0.0,1.0,5.0,1.0,0.0,0.0,7.0,3.0,0.0,0.0,0.0,0.0,0.0,0.9,0.0,0.0,0.0,0.0,0.0,0.0,7.0,0.0
138,93727e75-d169-45e5-b047-8488fdebafb0,"November 9, 2022",Pedro Contreras,Miscelánea y Recauderia Ilse ,Grocery store (aka. nanostore),1.0,3.0,4.0,0.0,0.0,0.0,0.0,0.0,0.0,0.0,0.0,0.0,0.0,0.0,0.0,0.0,0.0,0.0,0.0,0.0,0.0,0.0
139,db79adc8-a774-4544-9b08-eb44e8f31a2c,"November 8, 2022",Ismael López,Antojitos Rosi,Micro-restaurant (aka. fondita),3.0,1.0,3.0,0.0,0.0,0.0,0.0,0.0,0.0,0.0,0.0,0.0,0.0,0.0,0.0,0.0,0.0,0.0,0.0,0.0,0.0,0.0
140,742328d0-525b-42ea-93d2-49d3fe888004,"November 8, 2022",Ismael López,Miscelanea san juditas,Grocery store (aka. nanostore),2.0,1.3,18.0,0.0,0.0,0.0,0.0,0.0,0.0,0.0,0.0,0.0,0.0,0.0,0.0,0.0,0.0,0.0,0.0,0.0,0.0,0.0
141,876f6921-b25d-4cf6-adf3-155c6c149048,"November 4, 2022",Jesús Herrera,Súper canasta,Produce (fruits & vegetables),1.0,4.0,8.0,0.0,0.0,0.0,0.0,0.0,0.0,0.0,0.0,0.0,0.0,0.0,0.0,0.0,0.0,0.0,0.0,0.0,0.0,0.0
142,c3d0c858-a0d1-4569-8239-91fb17410b35,"November 7, 2022",Salomon Abdala Perez,Cosmetics,Grocery store (aka. nanostore),3.0,0.0,24.0,4.0,4.0,0.0,10.0,0.0,0.0,1.0,0.0,0.0,0.0,0.0,0.0,0.0,0.0,0.0,0.0,0.0,0.0,2.4
143,316ece52-c3af-47f8-9606-6144a0ae9ed2,"November 7, 2022",Salomon Abdala Perez,OEM SERVICE,Technology store,3.0,0.0,3.0,5.0,5.0,0.0,5.0,0.0,0.0,1.0,0.0,0.0,0.0,15.0,0.0,0.0,0.0,0.0,0.0,0.0,0.0,0.0
144,a9219fb8-2b6b-4524-8673-d13e051ac133,"November 7, 2022",Salomon Abdala Perez,La Reina,Bakery store,4.0,1.0,15.0,4.0,6.0,0.0,1.0,0.0,0.0,1.0,0.0,0.0,0.0,0.0,0.0,0.0,0.0,0.0,0.0,0.0,0.0,0.0
145,ed0b08bd-8e03-4271-9136-a5f49a4cc435,"November 7, 2022",Salomon Abdala Perez,Don Asador,Micro-restaurant (aka. fondita),1.2,2.0,0.0,4.0,4.0,2.0,1.9,0.0,0.0,1.0,0.0,0.0,0.0,0.0,0.0,0.0,0.0,0.0,0.0,0.0,2.0,20.0
146,5d581c34-36c6-4585-a99c-deb766e0ea7f,"November 7, 2022",Salomon Abdala Perez,BFI Autopartes,Grocery store (aka. nanostore),0.0,0.0,14.0,1.0,1.0,0.0,7.0,0.0,0.0,1.0,0.0,0.0,0.0,15.0,0.0,0.0,0.0,0.0,0.0,0.0,0.0,0.0
147,e326e6a0-7462-4157-bad9-7b3ad61b524b,"November 7, 2022",Salomon Abdala Perez,Ferretería Ambriz,Grocery store (aka. nanostore),2.0,0.0,6.0,2.0,2.0,0.0,2.0,0.0,0.0,0.0,0.0,0.0,0.0,15.0,0.0,0.0,0.0,0.0,0.0,0.0,0.0,0.0
148,0ab45eeb-e160-42f4-8fc3-fe32c1abc3b0,"November 7, 2022",Salomon Abdala Perez,Ambar,Grocery store (aka. nanostore),0.0,0.0,12.0,1.0,1.0,0.0,0.0,0.0,0.0,0.0,0.0,0.0,0.0,0.0,0.0,0.0,0.0,0.0,0.0,0.0,0.0,0.0
149,2733a84c-054d-4b36-8150-0b336ce4d761,"November 7, 2022",Salomon Abdala Perez,Burbuja Lavanderías,Laundry Store,5.0,0.0,1.0,2.0,2.0,0.0,4.0,0.0,0.0,0.0,0.0,0.0,0.0,0.0,0.0,0.0,0.0,0.0,0.0,0.0,0.0,0.0
150,4a93fc02-578e-4c24-ab33-c825afe3dc84,"November 7, 2022",Salomon Abdala Perez,De Haro,Grocery store (aka. nanostore),0.0,0.0,8.0,0.0,0.0,0.0,2.0,0.0,0.0,0.0,0.0,0.0,0.0,0.0,0.0,0.0,0.0,0.0,0.0,0.0,0.0,0.0
151,cc7f620d-df41-49c7-9827-8c51e6beb5d1,"November 7, 2022",Irvin Vásquez Figueroa,Barbamala,barber shop,4.0,1.0,3.0,6.0,6.0,0.0,3.0,3.0,0.0,0.0,0.0,0.0,0.0,0.0,0.0,0.0,0.0,0.0,0.0,0.0,1.0,0.0
152,149bebb8-4180-4485-88ae-cafc642661b2,"November 7, 2022",Irvin Vásquez Figueroa,Papelomas,Dairy products,4.0,0.0,4.0,2.0,3.0,0.0,2.0,2.0,0.0,0.0,0.0,0.0,0.0,0.0,0.0,0.0,0.0,8.0,0.0,0.0,2.0,0.0
153,e9d09b8c-9f31-456f-ad1f-67ce39cd692c,"November 7, 2022",Ángel Francisco Altamirano Campos,Rey patata ,Micro-restaurant (aka. fondita),5.0,1.0,1.0,3.0,0.0,1.0,0.0,0.0,0.0,1.0,0.0,0.0,0.0,0.0,0.0,0.0,0.0,0.0,0.0,0.0,1.0,15.0
154,2dfc0c91-c305-4857-aef1-fc67de0c9683,"November 7, 2022",Ángel Francisco Altamirano Campos,Ferretería ROBCAS,ferretería ,4.0,0.0,0.0,0.0,0.0,0.0,5.0,0.0,0.0,1.0,0.0,0.0,0.0,0.0,0.0,0.0,0.0,0.0,0.0,0.0,1.0,0.0
155,41de9f42-4fd9-4907-ba0c-c1b24517de7a,"November 7, 2022",Ángel Francisco Altamirano Campos,Antojitos Vero,Micro-restaurant (aka. fondita),1.0,1.0,2.0,2.0,0.0,0.0,0.0,1.0,0.0,0.0,0.0,0.0,0.0,0.0,0.0,0.0,0.0,0.0,0.0,0.0,2.0,20.0
156,57f10a30-202c-40b8-9b32-1cc7c198fc91,"November 7, 2022",Ángel Francisco Altamirano Campos,Lavandería tintorería ,lavandería ,1.0,0.0,0.0,2.0,2.0,0.0,4.0,0.0,0.0,0.0,0.0,0.0,0.0,0.0,0.0,0.0,0.0,0.0,0.0,0.0,1.0,0.0
157,fb7e9ccb-ef82-4434-8c8f-603f61f9410a,"November 7, 2022",Ángel Francisco Altamirano Campos,All mobile,tecnología ,0.0,0.0,0.0,2.0,2.0,0.0,4.0,0.0,0.0,1.0,0.0,0.0,0.0,0.0,0.0,0.0,0.0,0.0,0.0,0.0,7.0,0.0
158,d8e376d1-6298-449c-9a5b-bc0aa6b16f7b,"November 7, 2022",Ángel Francisco Altamirano Campos,Púa púa,Micro-restaurant (aka. fondita),0.0,2.0,1.0,3.0,2.0,0.0,5.0,3.0,0.0,1.0,0.0,0.0,0.0,2.0,0.0,0.0,0.0,0.0,0.0,0.0,1.0,6.0
159,efef6c98-2662-444d-a8bd-49c9a7d21628,"November 7, 2022",Salomon Abdala Perez,Splashbit,Grocery store (aka. nanostore),2.0,0.0,1.0,2.0,2.0,0.0,1.0,0.0,0.0,0.0,0.0,0.0,0.0,0.0,0.0,0.0,0.0,0.0,0.0,0.0,0.0,0.0
160,fe76baca-23b9-4bec-81fd-6d7895c9b7fa,"November 4, 2022",Sandra Carreón,Camisería Alfonso,Tailor (sastrería),2.0,0.0,13.0,1.0,2.0,0.0,4.0,0.0,0.0,1.0,0.0,0.0,0.0,0.0,0.0,0.0,0.0,0.0,0.4,0.0,1.0,0.0
161,1f6fd33a-a89a-4dc5-95bd-03f396e68bf8,"November 2, 2022",José Zapata,El encanto ,Grocery store (aka. nanostore),0.0,3.0,1.0,0.0,0.0,2.0,7.0,0.5,0.0,0.0,0.0,0.0,0.0,0.0,0.0,0.0,0.0,0.0,0.0,0.0,1.0,4.0
162,8c0f186a-b9c0-4854-a6e7-c7fefeab9336,"November 3, 2022",Daniel Serrano,Textil Unicres,Grocery store (aka. nanostore),0.0,0.0,0.0,3.0,2.0,0.0,4.0,0.0,0.0,0.0,0.0,0.0,0.0,0.0,0.0,1.0,0.0,0.0,1.0,0.0,3.0,0.0
163,7c2c3613-be29-4b85-822f-c7fa68b314c3,"November 3, 2022",Emilio Garza,La Gardenia,Micro-restaurant (aka. fondita),1.2,3.0,2.0,0.0,0.0,0.0,0.0,0.0,0.0,0.0,0.0,0.0,0.0,0.0,0.0,0.0,0.0,0.0,0.0,0.0,0.0,0.0
164,09263630-45e4-499a-ba6e-497c58d7fe09,"November 3, 2022",Francisco Adán,Talavera Puebla - Jesús es el señor ,Productos tradicionales ,0.0,0.0,5.0,0.0,0.0,0.0,0.0,0.0,0.0,0.0,0.0,0.0,0.0,0.0,0.0,0.0,0.0,0.0,0.0,0.0,0.0,0.0
165,efe2e285-c67e-4a07-8331-218bc4a7203d,"November 3, 2022",Francisco Adán,Xuti Galería ,productos tradicionales ,0.0,1.0,7.0,4.0,0.0,0.0,5.0,0.0,0.0,1.0,0.0,0.0,0.0,0.0,0.0,0.0,0.0,0.0,1.0,0.0,5.0,0.0
166,2413f06e-15cc-4a6f-8e83-5224c6824b12,"November 3, 2022",Emilio Garza,July Store,Grocery store (aka. nanostore),1.0,0.0,5.0,0.0,0.0,0.0,0.0,0.0,0.0,0.0,0.0,0.0,0.0,0.0,0.0,0.0,0.0,0.0,0.0,0.0,0.0,0.0
167,962bf5a6-1eff-4874-a627-9cd8e3ca27b4,"November 3, 2022",Emilio Garza,Miscelánea rubí ,Grocery store (aka. nanostore),1.0,5.0,5.0,0.0,0.0,0.0,0.0,0.0,0.0,0.0,0.0,0.0,0.0,0.0,0.0,0.0,0.0,0.0,0.0,0.0,0.0,0.0
168,9ff658db-4dc5-48b6-aa0b-5c6668bb6720,"November 3, 2022",Emilio Garza,La fonda ,Micro-restaurant (aka. fondita),3.0,1.0,1.0,0.0,0.0,0.0,0.0,0.0,0.0,0.0,0.0,0.0,0.0,0.0,0.0,0.0,0.0,0.0,0.0,0.0,0.0,0.0
169,e88aa9c1-dc8b-4180-99a1-2e0118ad905d,"November 3, 2022",Francisco Adán,"Birria de Res ""Hermanos Negreros 2"" estilo Tijuana ",Micro-restaurant (aka. fondita),0.0,1.0,1.0,0.0,0.0,0.0,0.0,0.0,0.0,0.0,0.0,0.0,0.0,0.0,0.0,0.0,0.0,0.0,0.0,0.0,0.0,0.0
170,bf720ff0-3b7d-47ed-ba49-f5d4bfb7293c,"November 3, 2022",Emilio Garza,Restaurante el alfeñique ,Micro-restaurant (aka. fondita),1.0,3.0,1.0,0.0,0.0,0.0,0.0,0.0,0.0,0.0,0.0,0.0,0.0,0.0,0.0,0.0,0.0,0.0,0.0,0.0,0.0,0.0
